County,State,Dem,Rep
Autauga,AL,26.54,72.49
Baldwin,AL,21.55,77.22
Barbour,AL,51.33,48.19
Bibb,AL,26.15,72.83
Blount,AL,12.34,86.27
Bullock,AL,76.31,23.51
Butler,AL,46.03,53.54
Calhoun,AL,33.45,65.3
Chambers,AL,46.97,52.13
Cherokee,AL,21.77,76.65
Chilton,AL,19.43,79.68
Choctaw,AL,47.47,52.06
Clarke,AL,45.7,53.9
Clay,AL,26.61,72.12
Cleburne,AL,15.37,83.43
Coffee,AL,24.85,73.99
Colbert,AL,39.1,59.44
Conecuh,AL,50.6,48.95
Coosa,AL,41.48,57.72
Covington,AL,20.45,78.72
Crenshaw,AL,31.91,67.42
Cullman,AL,14.62,83.92
Dale,AL,28.42,70.47
Dallas,AL,69.7,29.99
De Kalb,AL,21.87,76.54
Elmore,AL,25.19,73.86
Escambia,AL,36.85,62.35
Etowah,AL,30.04,68.34
Fayette,AL,22.83,76.07
Franklin,AL,29.14,69.54
Geneva,AL,17.99,80.97
Greene,AL,84.62,15.05
Hale,AL,62.58,37.12
Henry,AL,35.17,64.2
Houston,AL,29.46,69.72
Jackson,AL,28.22,69.98
Jefferson,AL,52.5,46.53
Lamar,AL,22.94,76.05
Lauderdale,AL,33.78,64.57
Lawrence,AL,35.83,62.72
Lee,AL,39.23,59.08
Limestone,AL,27.66,71.17
Lowndes,AL,76.39,23.34
Macon,AL,87.0,12.8
Madison,AL,39.9,58.47
Marengo,AL,53.43,46.23
Marion,AL,18.54,79.95
Marshall,AL,19.3,79.24
Mobile,AL,44.97,54.18
Monroe,AL,45.85,53.57
Montgomery,AL,61.81,37.56
Morgan,AL,27.17,71.56
Perry,AL,74.87,24.68
Pickens,AL,46.3,53.26
Pike,AL,42.73,56.38
Randolph,AL,29.54,69.32
Russell,AL,55.53,43.78
St Clair,AL,16.46,82.39
Shelby,AL,21.62,77.03
Sumter,AL,77.11,22.56
Talladega,AL,41.61,57.6
Tallapoosa,AL,33.52,65.76
Tuscaloosa,AL,40.68,58.08
Walker,AL,22.94,75.74
Washington,AL,33.87,65.56
Wilcox,AL,74.26,25.61
Winston,AL,13.22,85.44
Aleutians East,AK,0.0,0.0
Aleutians West,AK,0.0,0.0
Anchorage,AK,0.0,0.0
Bethel,AK,0.0,0.0
Bristol Bay,AK,0.0,0.0
Denali,AK,0.0,0.0
Dillingham,AK,0.0,0.0
Fairbanks North Star,AK,0.0,0.0
Haines,AK,0.0,0.0
Juneau,AK,0.0,0.0
Kenai Peninsula,AK,0.0,0.0
Ketchikan Gateway,AK,0.0,0.0
Kodiak Island,AK,0.0,0.0
Lake and Peninsula,AK,0.0,0.0
Matanuska-Susitna,AK,0.0,0.0
Nome,AK,0.0,0.0
North Slope,AK,0.0,0.0
Northwest Arctic,AK,0.0,0.0
Prince of Wales-Outer Ketchikan,AK,0.0,0.0
Sitka,AK,0.0,0.0
Skagway-Hoonah-Angoon,AK,0.0,0.0
Southeast Fairbanks,AK,0.0,0.0
Valdez-Cordova,AK,0.0,0.0
Wade Hampton,AK,0.0,0.0
Wrangell-Petersburg,AK,0.0,0.0
Yakutat,AK,0.0,0.0
Yukon-Koyukuk,AK,0.0,0.0
Apache,AZ,66.16,31.83
Cochise,AZ,37.69,59.95
Coconino,AZ,56.3,40.84
Gila,AZ,35.64,62.31
Graham,AZ,30.31,67.84
Greenlee,AZ,43.87,53.32
La Paz,AZ,32.78,64.76
Maricopa,AZ,43.61,54.3
Mohave,AZ,27.77,69.91
Navajo,AZ,45.23,53.07
Pima,AZ,52.52,45.61
Pinal,AZ,40.77,57.12
Santa Cruz,AZ,68.19,30.44
Yavapai,AZ,33.69,64.04
Yuma,AZ,42.92,55.5
Arkansas,AR,37.8,60.01
Ashley,AR,36.09,61.44
Baxter,AR,26.74,70.78
Benton,AR,28.56,68.95
Boone,AR,24.51,72.5
Bradley,AR,39.68,58.43
Calhoun,AR,30.36,67.07
Carroll,AR,36.3,60.15
Chicot,AR,60.74,38.29
Clark,AR,45.32,51.65
Clay,AR,34.01,63.11
Cleburne,AR,22.5,74.64
Cleveland,AR,25.87,70.82
Columbia,AR,37.62,61.24
Conway,AR,38.87,58.4
Craighead,AR,33.21,64.2
Crawford,AR,23.7,73.55
Crittenden,AR,56.75,41.86
Cross,AR,34.11,63.9
Dallas,AR,43.35,53.99
Desha,AR,55.27,42.9
Drew,AR,39.65,58.6
Faulkner,AR,32.85,64.45
Franklin,AR,26.39,70.81
Fulton,AR,32.11,65.21
Garland,AR,33.89,63.87
Grant,AR,22.66,74.53
Greene,AR,29.07,65.92
Hempstead,AR,35.66,61.9
Hot Spring,AR,34.01,63.03
Howard,AR,32.97,64.81
Independence,AR,26.47,70.4
Izard,AR,28.87,67.73
Jackson,AR,39.18,57.45
Jefferson,AR,63.8,34.77
Johnson,AR,34.56,62.53
Lafayette,AR,40.05,58.48
Lawrence,AR,32.27,63.83
Lee,AR,61.54,37.38
Lincoln,AR,38.24,59.02
Little River,AR,30.73,67.02
Logan,AR,27.4,69.28
Lonoke,AR,23.33,74.15
Madison,AR,31.96,64.91
Marion,AR,28.89,67.71
Miller,AR,29.47,69.29
Mississippi,AR,48.35,49.37
Monroe,AR,49.01,49.07
Montgomery,AR,27.03,69.59
Nevada,AR,38.83,58.98
Newton,AR,27.12,68.51
Ouachita,AR,44.92,53.52
Perry,AR,30.14,65.54
Phillips,AR,65.6,32.76
Pike,AR,22.47,75.16
Poinsett,AR,31.61,65.79
Polk,AR,20.14,77.08
Pope,AR,25.08,72.23
Prairie,AR,28.02,68.55
Pulaski,AR,54.74,43.28
Randolph,AR,34.35,62.14
St Francis,AR,58.72,40.28
Saline,AR,27.34,70.04
Scott,AR,24.64,72.28
Searcy,AR,22.04,73.06
Sebastian,AR,30.19,67.27
Sevier,AR,24.06,72.42
Sharp,AR,28.72,67.57
Stone,AR,25.33,70.53
Union,AR,36.07,62.29
Van Buren,AR,28.49,67.88
Washington,AR,40.07,56.33
White,AR,21.74,75.47
Woodruff,AR,49.91,45.7
Yell,AR,28.82,67.66
Alameda,CA,78.69,18.12
Alpine,CA,59.48,36.09
Amador,CA,38.6,58.11
Butte,CA,46.88,48.87
Calaveras,CA,39.66,56.56
Colusa,CA,38.28,59.57
Contra Costa,CA,66.23,31.09
Del Norte,CA,43.23,52.61
El Dorado,CA,39.51,57.27
Fresno,CA,49.72,47.94
Glenn,CA,35.73,60.97
Humboldt,CA,59.73,32.63
Imperial,CA,65.18,33.13
Inyo,CA,42.58,54.01
Kern,CA,40.28,56.99
Kings,CA,41.31,56.24
Lake,CA,56.27,39.33
Lassen,CA,28.47,68.03
Los Angeles,CA,69.69,27.83
Madera,CA,40.11,57.23
Marin,CA,74.14,22.92
Mariposa,CA,38.7,56.87
Mendocino,CA,66.01,27.49
Merced,CA,53.04,44.33
Modoc,CA,27.64,69.1
Mono,CA,52.75,44.1
Monterey,CA,67.13,30.27
Napa,CA,62.97,34.28
Nevada,CA,47.73,48.35
Orange,CA,45.65,51.87
Placer,CA,38.91,58.19
Plumas,CA,39.94,56.76
Riverside,CA,49.62,47.97
Sacramento,CA,58.06,39.13
San Benito,CA,59.1,38.48
San Bernardino,CA,52.34,45.01
San Diego,CA,52.51,44.95
San Francisco,CA,83.4,13.01
San Joaquin,CA,55.57,41.91
San Luis Obispo,CA,48.63,47.61
San Mateo,CA,72.13,25.46
Santa Barbara,CA,57.44,39.42
Santa Clara,CA,69.97,27.14
Santa Cruz,CA,75.43,19.98
Shasta,CA,33.75,62.83
Sierra,CA,36.3,58.7
Siskiyou,CA,40.24,55.4
Solano,CA,63.32,34.08
Sonoma,CA,70.99,25.26
Stanislaus,CA,49.88,47.14
Sutter,CA,39.22,58.3
Tehama,CA,34.53,61.95
Trinity,CA,46.59,47.33
Tulare,CA,41.22,56.24
Tuolumne,CA,40.38,56.06
Ventura,CA,52.16,45.15
Yolo,CA,65.24,31.29
Yuba,CA,39.02,57.06
Adams,CO,56.9,40.12
Alamosa,CO,56.75,40.28
Arapahoe,CO,53.9,43.99
Archuleta,CO,39.78,57.5
Baca,CO,22.17,74.03
Bent,CO,41.97,55.36
Boulder,CO,69.69,27.84
Chaffee,CO,48.61,48.46
Cheyenne,CO,15.74,81.34
Clear Creek,CO,54.31,42.31
Conejos,CO,53.96,44.75
Costilla,CO,72.95,24.28
Crowley,CO,35.62,61.52
Custer,CO,31.97,65.86
Delta,CO,29.02,68.54
Denver,CO,73.41,24.18
Dolores,CO,26.83,69.0
Douglas,CO,36.35,62.11
Eagle,CO,56.43,41.52
Elbert,CO,25.41,72.41
El Paso,CO,38.54,58.91
Fremont,CO,32.84,64.53
Garfield,CO,46.32,51.36
Gilpin,CO,56.68,40.32
Grand,CO,45.0,51.95
Gunnison,CO,58.2,38.55
Hinsdale,CO,38.17,58.83
Huerfano,CO,52.46,44.21
Jackson,CO,25.47,70.75
Jefferson,CO,51.21,46.36
Kiowa,CO,14.37,82.46
Kit Carson,CO,22.64,75.23
Lake,CO,60.49,36.12
La Plata,CO,52.85,43.65
Larimer,CO,51.47,45.72
Las Animas,CO,50.2,47.55
Lincoln,CO,24.14,73.76
Logan,CO,29.72,67.72
Mesa,CO,32.69,65.08
Mineral,CO,44.77,52.92
Moffat,CO,21.56,76.12
Montezuma,CO,36.87,60.08
Montrose,CO,30.49,67.32
Morgan,CO,36.3,61.26
Otero,CO,44.52,53.49
Ouray,CO,51.41,46.25
Park,CO,41.23,55.9
Phillips,CO,25.96,72.27
Pitkin,CO,67.98,30.01
Prowers,CO,31.24,66.42
Pueblo,CO,55.68,41.74
Rio Blanco,CO,16.86,80.85
Rio Grande,CO,44.79,52.74
Routt,CO,56.67,41.07
Saguache,CO,63.61,32.88
San Juan,CO,52.57,41.9
San Miguel,CO,70.3,27.11
Sedgwick,CO,31.32,65.84
Summit,CO,61.04,36.38
Teller,CO,32.16,64.59
Washington,CO,18.06,80.12
Weld,CO,42.18,54.84
Yuma,CO,21.56,76.25
Fairfield,CT,54.85,44.22
Hartford,CT,62.37,36.52
Litchfield,CT,47.45,51.07
Middlesex,CT,57.29,41.41
New Haven,CT,60.65,38.32
New London,CT,58.33,40.07
Tolland,CT,55.45,42.89
Windham,CT,55.72,42.43
Kent,DE,51.73,46.79
New Castle,DE,66.3,32.23
Sussex,DE,42.88,55.9
Washington,DC,90.91,7.28
Alachua,FL,57.71,40.4
Baker,FL,20.29,78.8
Bay,FL,27.53,71.01
Bradford,FL,28.51,70.46
Brevard,FL,42.94,55.62
Broward,FL,67.12,32.23
Calhoun,FL,26.91,70.61
Charlotte,FL,42.28,56.52
Citrus,FL,38.37,60.22
Clay,FL,26.61,72.33
Collier,FL,34.62,64.64
Columbia,FL,31.08,67.69
De Soto,FL,42.22,56.51
Dixie,FL,25.84,72.6
Duval,FL,47.67,51.27
Escambia,FL,39.06,59.55
Flagler,FL,45.77,53.19
Franklin,FL,33.58,64.98
Gadsden,FL,70.01,29.43
Gilchrist,FL,23.75,74.55
Glades,FL,40.03,58.54
Gulf,FL,28.26,70.1
Hamilton,FL,41.11,57.9
Hardee,FL,34.0,64.83
Hendry,FL,46.51,52.42
Hernando,FL,45.07,53.54
Highlands,FL,37.96,60.92
Hillsborough,FL,52.71,46.04
Holmes,FL,15.25,83.46
Indian River,FL,38.41,60.7
Jackson,FL,35.02,64.0
Jefferson,FL,50.45,48.7
Lafayette,FL,20.17,78.33
Lake,FL,40.89,57.99
Lee,FL,41.32,57.83
Leon,FL,61.13,37.54
Levy,FL,33.15,65.31
Liberty,FL,28.64,69.96
Madison,FL,47.85,51.27
Manatee,FL,43.22,55.65
Marion,FL,41.32,57.53
Martin,FL,38.09,60.96
Miami-Dade,FL,61.58,37.87
Monroe,FL,49.56,49.12
Nassau,FL,25.23,73.67
Okaloosa,FL,24.63,73.8
Okeechobee,FL,39.27,59.25
Orange,FL,58.56,40.36
Osceola,FL,61.73,37.27
Palm Beach,FL,58.14,41.13
Pasco,FL,45.86,52.48
Pinellas,FL,52.08,46.45
Polk,FL,45.95,52.75
Putnam,FL,37.13,61.5
St Johns,FL,30.59,68.25
St Lucie,FL,53.42,45.58
Santa Rosa,FL,23.06,75.51
Sarasota,FL,45.74,53.14
Seminole,FL,46.12,52.57
Sumter,FL,32.25,67.13
Suwannee,FL,26.85,71.63
Taylor,FL,30.24,68.37
Union,FL,24.76,73.59
Volusia,FL,48.78,49.94
Wakulla,FL,35.21,63.21
Walton,FL,23.34,75.19
Washington,FL,25.54,72.79
Appling,GA,24.78,73.78
Atkinson,GA,31.99,66.67
Bacon,GA,20.1,78.58
Baker,GA,49.91,49.34
Baldwin,GA,52.14,46.64
Banks,GA,12.57,86.3
Barrow,GA,23.85,74.1
Bartow,GA,23.39,74.87
Ben Hill,GA,42.08,56.88
Berrien,GA,20.45,77.81
Bibb,GA,59.54,39.54
Bleckley,GA,25.79,72.91
Brantley,GA,15.6,82.46
Brooks,GA,46.46,52.62
Bryan,GA,27.51,70.94
Bulloch,GA,39.75,58.73
Burke,GA,55.19,43.92
Butts,GA,31.57,67.09
Calhoun,GA,59.3,40.34
Camden,GA,35.33,62.84
Candler,GA,32.77,66.38
Carroll,GA,30.45,67.86
Catoosa,GA,22.55,75.06
Charlton,GA,31.79,67.12
Chatham,GA,55.36,43.38
Chattahoochee,GA,48.83,49.23
Chattooga,GA,28.36,69.28
Cherokee,GA,20.16,77.73
Clarke,GA,62.77,34.1
Clay,GA,61.44,38.28
Clayton,GA,84.67,14.72
Clinch,GA,34.42,64.57
Cobb,GA,42.83,55.25
Coffee,GA,34.94,63.89
Colquitt,GA,29.77,69.25
Columbia,GA,27.85,70.7
Cook,GA,33.8,65.14
Coweta,GA,27.22,71.17
Crawford,GA,33.16,65.47
Crisp,GA,42.8,56.51
Dade,GA,23.33,73.94
Dawson,GA,12.09,86.19
Decatur,GA,43.72,55.47
De Kalb,GA,77.63,20.98
Dodge,GA,31.49,67.24
Dooly,GA,53.11,46.14
Dougherty,GA,69.24,30.15
Douglas,GA,51.36,47.38
Early,GA,51.6,47.71
Echols,GA,15.66,82.99
Effingham,GA,23.72,74.79
Elbert,GA,39.0,59.58
Emanuel,GA,36.18,63.05
Evans,GA,35.57,63.62
Fannin,GA,20.16,78.1
Fayette,GA,33.61,64.83
Floyd,GA,29.28,69.04
Forsyth,GA,17.79,80.47
Franklin,GA,19.27,78.62
Fulton,GA,64.13,34.42
Gilmer,GA,17.71,80.76
Glascock,GA,13.17,84.96
Glynn,GA,36.0,62.95
Gordon,GA,20.31,77.91
Grady,GA,36.32,62.93
Greene,GA,38.44,60.9
Gwinnett,GA,44.56,53.76
Habersham,GA,15.68,82.9
Hall,GA,21.13,77.19
Hancock,GA,80.88,18.8
Haralson,GA,17.19,81.16
Harris,GA,26.71,72.14
Hart,GA,30.12,68.39
Heard,GA,22.69,75.63
Henry,GA,47.81,51.1
Houston,GA,39.02,59.58
Irwin,GA,30.72,68.34
Jackson,GA,17.85,80.59
Jasper,GA,30.54,68.45
Jeff Davis,GA,23.88,74.85
Jefferson,GA,58.36,41.08
Jenkins,GA,43.84,55.6
Johnson,GA,34.56,64.62
Jones,GA,35.27,63.9
Lamar,GA,34.18,64.36
Lanier,GA,37.41,61.11
Laurens,GA,38.26,60.85
Lee,GA,23.42,75.58
Liberty,GA,64.57,34.36
Lincoln,GA,35.8,63.36
Long,GA,37.8,60.45
Lowndes,GA,44.54,54.38
Lumpkin,GA,18.77,78.98
McDuffie,GA,42.1,57.0
McIntosh,GA,45.07,53.65
Macon,GA,67.09,32.28
Madison,GA,22.4,75.84
Marion,GA,44.42,54.51
Meriwether,GA,46.7,52.36
Miller,GA,30.65,68.53
Mitchell,GA,49.28,50.18
Monroe,GA,30.78,68.0
Montgomery,GA,29.6,69.41
Morgan,GA,30.45,68.42
Murray,GA,22.59,75.02
Muscogee,GA,60.2,38.9
Newton,GA,50.45,48.45
Oconee,GA,24.76,73.34
Oglethorpe,GA,30.45,67.64
Paulding,GA,27.5,70.98
Peach,GA,53.29,45.83
Pickens,GA,15.55,83.03
Pierce,GA,16.4,82.67
Pike,GA,16.66,81.93
Polk,GA,26.49,71.89
Pulaski,GA,33.08,66.32
Putnam,GA,31.7,67.34
Quitman,GA,54.26,45.21
Rabun,GA,20.88,77.08
Randolph,GA,57.84,41.54
Richmond,GA,66.39,32.64
Rockdale,GA,57.72,41.19
Schley,GA,25.57,73.4
Screven,GA,45.39,53.79
Seminole,GA,39.13,59.44
Spalding,GA,39.37,59.31
Stephens,GA,22.35,75.74
Stewart,GA,63.73,35.89
Sumter,GA,53.77,45.36
Talbot,GA,64.84,34.41
Taliaferro,GA,66.04,33.54
Tattnall,GA,28.41,70.48
Taylor,GA,44.41,55.03
Telfair,GA,41.61,57.17
Terrell,GA,57.73,41.62
Thomas,GA,40.3,58.74
Tift,GA,33.42,65.88
Toombs,GA,29.35,69.72
Towns,GA,20.39,78.09
Treutlen,GA,39.04,60.05
Troup,GA,40.51,58.3
Turner,GA,42.33,56.85
Twiggs,GA,53.98,45.35
Union,GA,19.25,78.97
Upson,GA,35.1,64.1
Walker,GA,23.98,73.86
Walton,GA,21.63,77.07
Ware,GA,32.63,66.44
Warren,GA,60.51,39.18
Washington,GA,53.46,45.76
Wayne,GA,25.23,73.45
Webster,GA,48.99,50.59
Wheeler,GA,35.66,63.09
White,GA,15.88,82.21
Whitfield,GA,26.74,71.58
Wilcox,GA,33.84,65.55
Wilkes,GA,43.8,55.3
Wilkinson,GA,48.95,50.4
Worth,GA,29.48,69.57
Hawaii,HI,74.42,23.25
Honolulu,HI,68.86,29.81
Kauai,HI,73.47,24.13
Maui,HI,74.1,23.85
Ada,ID,42.33,53.53
Adams,ID,28.0,68.56
Bannock,ID,37.2,59.14
Bear Lake,ID,10.7,88.2
Benewah,ID,29.96,66.82
Bingham,ID,21.62,76.03
Blaine,ID,58.78,38.64
Boise,ID,30.56,66.28
Bonner,ID,34.57,60.45
Bonneville,ID,22.91,74.68
Boundary,ID,26.96,69.06
Butte,ID,20.06,77.84
Camas,ID,27.51,69.55
Canyon,ID,29.76,66.47
Caribou,ID,12.65,85.45
Cassia,ID,13.02,84.84
Clark,ID,20.12,71.65
Clearwater,ID,27.92,68.75
Custer,ID,22.51,74.06
Elmore,ID,31.4,65.31
Franklin,ID,5.8,92.77
Fremont,ID,13.96,84.57
Gem,ID,26.12,70.9
Gooding,ID,25.15,72.22
Idaho,ID,21.79,75.52
Jefferson,ID,11.45,86.94
Jerome,ID,25.29,71.52
Kootenai,ID,31.16,65.09
Latah,ID,48.51,44.32
Lemhi,ID,23.36,73.7
Lewis,ID,24.52,72.63
Lincoln,ID,28.2,68.61
Madison,ID,5.77,93.29
Minidoka,ID,19.93,78.04
Nez Perce,ID,37.96,58.65
Oneida,ID,10.39,87.98
Owyhee,ID,22.37,75.03
Payette,ID,26.73,70.68
Power,ID,33.82,64.39
Shoshone,ID,44.23,52.43
Teton,ID,42.58,54.34
Twin Falls,ID,26.58,69.7
Valley,ID,42.59,54.16
Washington,ID,25.49,72.22
Adams,IL,31.43,66.51
Alexander,IL,56.13,42.47
Bond,IL,40.95,55.53
Boone,IL,46.09,51.75
Brown,IL,33.29,64.0
Bureau,IL,48.75,48.93
Calhoun,IL,41.93,55.9
Carroll,IL,49.49,48.0
Cass,IL,42.09,55.49
Champaign,IL,51.94,44.92
Christian,IL,37.31,60.33
Clark,IL,32.86,65.23
Clay,IL,26.81,70.92
Clinton,IL,33.95,63.86
Coles,IL,43.21,54.26
Cook,IL,73.88,24.59
Crawford,IL,33.11,64.69
Cumberland,IL,30.99,66.27
De Kalb,IL,51.42,45.91
De Witt,IL,35.3,62.15
Douglas,IL,30.68,67.34
Du Page,IL,49.73,48.63
Edgar,IL,32.74,65.5
Edwards,IL,23.36,74.5
Effingham,IL,23.24,75.25
Fayette,IL,31.66,66.03
Ford,IL,27.49,70.2
Franklin,IL,40.49,57.31
Fulton,IL,54.04,43.03
Gallatin,IL,39.99,57.99
Greene,IL,35.89,61.22
Grundy,IL,44.34,53.22
Hamilton,IL,32.2,65.11
Hancock,IL,40.06,57.85
Hardin,IL,31.85,65.88
Henderson,IL,55.44,43.19
Henry,IL,50.53,47.46
Iroquois,IL,26.64,71.19
Jackson,IL,55.26,40.92
Jasper,IL,28.48,69.68
Jefferson,IL,37.31,60.12
Jersey,IL,36.67,60.38
Jo Daviess,IL,49.58,48.42
Johnson,IL,27.61,69.6
Kane,IL,49.71,48.61
Kankakee,IL,47.3,50.68
Kendall,IL,47.39,50.71
Knox,IL,57.59,40.28
Lake,IL,53.48,45.14
La Salle,IL,48.67,49.06
Lawrence,IL,33.58,64.4
Lee,IL,45.2,52.51
Livingston,IL,33.3,64.69
Logan,IL,32.91,64.89
McDonough,IL,47.91,49.36
McHenry,IL,44.55,53.34
McLean,IL,43.4,54.37
Macon,IL,46.46,51.62
Macoupin,IL,44.89,51.92
Madison,IL,47.95,49.32
Marion,IL,39.35,58.46
Marshall,IL,41.83,56.06
Mason,IL,45.54,51.86
Massac,IL,32.21,65.87
Menard,IL,34.14,64.18
Mercer,IL,52.6,45.24
Monroe,IL,35.53,62.24
Montgomery,IL,41.5,55.6
Morgan,IL,41.06,56.37
Moultrie,IL,35.29,62.29
Ogle,IL,40.72,57.44
Peoria,IL,51.28,46.9
Perry,IL,39.99,57.67
Piatt,IL,35.35,61.92
Pike,IL,31.2,66.56
Pope,IL,29.25,68.05
Pulaski,IL,46.12,51.93
Putnam,IL,49.6,47.79
Randolph,IL,39.89,57.42
Richland,IL,32.44,65.31
Rock Island,IL,60.04,38.23
St Clair,IL,56.15,41.83
Saline,IL,34.52,63.49
Sangamon,IL,44.65,53.26
Schuyler,IL,44.26,53.02
Scott,IL,35.44,61.8
Shelby,IL,32.01,65.55
Stark,IL,41.13,57.4
Stephenson,IL,48.11,49.75
Tazewell,IL,39.88,57.66
Union,IL,37.71,59.59
Vermilion,IL,42.36,55.57
Wabash,IL,30.97,67.74
Warren,IL,51.73,46.28
Washington,IL,32.95,64.45
Wayne,IL,19.67,77.8
White,IL,30.9,66.8
Whiteside,IL,57.43,40.45
Will,IL,51.85,46.36
Williamson,IL,36.4,61.22
Winnebago,IL,51.7,46.18
Woodford,IL,29.42,68.44
Adams,IN,29.21,68.58
Allen,IN,40.77,57.46
Bartholomew,IN,36.15,61.52
Benton,IN,32.39,65.09
Blackford,IN,40.48,56.95
Boone,IN,29.98,67.7
Brown,IN,40.08,56.75
Carroll,IN,33.74,64.01
Cass,IN,37.93,59.62
Clark,IN,44.01,53.83
Clay,IN,32.02,65.67
Clinton,IN,33.47,64.13
Crawford,IN,44.47,52.75
Daviess,IN,23.74,74.42
Dearborn,IN,29.2,68.86
Decatur,IN,28.48,68.94
De Kalb,IN,33.12,64.71
Delaware,IN,50.26,47.15
Dubois,IN,35.12,62.75
Elkhart,IN,35.87,62.29
Fayette,IN,40.23,57.09
Floyd,IN,41.85,56.17
Fountain,IN,31.46,65.59
Franklin,IN,27.5,70.17
Fulton,IN,32.25,65.43
Gibson,IN,33.48,64.45
Grant,IN,37.86,59.82
Greene,IN,33.1,64.36
Hamilton,IN,31.95,66.2
Hancock,IN,28.37,69.41
Harrison,IN,37.39,60.21
Hendricks,IN,31.62,66.37
Henry,IN,40.05,57.02
Howard,IN,41.7,56.01
Huntington,IN,29.09,68.76
Jackson,IN,34.93,62.34
Jasper,IN,36.16,61.57
Jay,IN,38.77,58.79
Jefferson,IN,43.54,53.94
Jennings,IN,37.28,59.71
Johnson,IN,29.71,68.02
Knox,IN,34.52,63.47
Kosciusko,IN,22.77,74.84
La Grange,IN,31.11,66.88
Lake,IN,64.75,33.85
La Porte,IN,55.19,42.62
Lawrence,IN,32.34,65.04
Madison,IN,46.48,50.98
Marion,IN,60.1,37.92
Marshall,IN,34.48,63.25
Martin,IN,28.48,68.78
Miami,IN,32.95,63.79
Monroe,IN,58.43,39.29
Montgomery,IN,29.58,68.03
Morgan,IN,28.13,69.17
Newton,IN,39.0,58.02
Noble,IN,32.13,65.63
Ohio,IN,35.26,62.4
Orange,IN,37.8,59.38
Owen,IN,34.8,62.39
Parke,IN,32.32,64.85
Perry,IN,54.81,43.21
Pike,IN,35.86,61.2
Porter,IN,50.82,46.94
Posey,IN,37.08,60.77
Pulaski,IN,35.17,62.34
Putnam,IN,32.59,65.12
Randolph,IN,36.94,60.95
Ripley,IN,29.42,67.94
Rush,IN,31.61,65.94
St Joseph,IN,50.86,47.36
Scott,IN,45.85,52.05
Shelby,IN,31.97,65.5
Spencer,IN,41.32,56.6
Starke,IN,43.44,54.03
Steuben,IN,35.44,62.41
Sullivan,IN,38.49,59.13
Switzerland,IN,42.3,55.11
Tippecanoe,IN,46.81,50.4
Tipton,IN,32.99,64.74
Union,IN,32.8,65.14
Vanderburgh,IN,43.71,54.26
Vermillion,IN,45.12,51.89
Vigo,IN,49.27,48.42
Wabash,IN,30.81,67.03
Warren,IN,34.84,62.55
Warrick,IN,35.81,62.19
Washington,IN,36.41,60.85
Wayne,IN,41.57,56.21
Wells,IN,26.53,71.46
White,IN,36.61,60.09
Whitley,IN,29.4,68.24
Adair,IA,44.79,52.9
Adams,IA,47.05,50.71
Allamakee,IA,51.24,47.07
Appanoose,IA,47.25,50.62
Audubon,IA,46.6,52.13
Benton,IA,48.93,49.49
Black Hawk,IA,59.31,39.07
Boone,IA,52.21,45.57
Bremer,IA,50.67,47.99
Buchanan,IA,56.11,42.24
Buena Vista,IA,44.14,54.32
Butler,IA,44.12,54.42
Calhoun,IA,42.79,55.28
Carroll,IA,46.35,52.47
Cass,IA,39.67,58.53
Cedar,IA,51.53,46.94
Cerro Gordo,IA,55.89,42.51
Cherokee,IA,41.06,57.08
Chickasaw,IA,54.81,43.74
Clarke,IA,49.41,47.95
Clay,IA,39.81,58.23
Clayton,IA,52.59,45.57
Clinton,IA,60.56,37.73
Crawford,IA,45.41,53.24
Dallas,IA,43.49,55.06
Davis,IA,40.29,56.67
Decatur,IA,46.73,50.8
Delaware,IA,49.22,49.43
Des Moines,IA,58.32,39.91
Dickinson,IA,40.31,58.19
Dubuque,IA,56.53,41.81
Emmet,IA,44.78,53.49
Fayette,IA,55.3,43.33
Floyd,IA,56.68,42.05
Franklin,IA,43.69,54.44
Fremont,IA,44.63,53.76
Greene,IA,49.01,49.11
Grundy,IA,37.85,60.54
Guthrie,IA,43.63,53.86
Hamilton,IA,47.71,50.35
Hancock,IA,42.55,55.98
Hardin,IA,45.8,52.48
Harrison,IA,42.83,55.52
Henry,IA,45.99,51.92
Howard,IA,59.59,38.64
Humboldt,IA,38.23,60.08
Ida,IA,36.06,62.41
Iowa,IA,46.74,51.53
Jackson,IA,57.67,40.78
Jasper,IA,52.56,45.49
Jefferson,IA,56.25,40.28
Johnson,IA,66.69,31.19
Jones,IA,52.96,45.18
Keokuk,IA,43.73,53.99
Kossuth,IA,43.15,55.33
Lee,IA,56.65,41.17
Linn,IA,57.9,40.2
Louisa,IA,49.36,48.71
Lucas,IA,45.96,52.14
Lyon,IA,21.86,76.48
Madison,IA,42.92,54.84
Mahaska,IA,38.71,59.25
Marion,IA,42.44,55.57
Marshall,IA,53.8,44.44
Mills,IA,39.49,58.46
Mitchell,IA,50.68,47.31
Monona,IA,44.31,53.92
Monroe,IA,45.2,52.9
Montgomery,IA,38.25,59.72
Muscatine,IA,57.0,41.12
O Brien,IA,26.82,71.73
Osceola,IA,28.55,69.82
Page,IA,36.91,61.42
Palo Alto,IA,43.77,54.43
Plymouth,IA,32.15,66.39
Pocahontas,IA,37.77,59.42
Polk,IA,56.13,41.98
Pottawattamie,IA,46.44,51.68
Poweshiek,IA,53.7,44.35
Ringgold,IA,45.63,52.64
Sac,IA,40.11,58.48
Scott,IA,56.12,42.38
Shelby,IA,38.08,60.33
Sioux,IA,15.6,83.24
Story,IA,55.55,41.71
Tama,IA,52.88,45.45
Taylor,IA,42.14,56.19
Union,IA,51.08,47.22
Van Buren,IA,39.28,57.83
Wapello,IA,54.93,43.05
Warren,IA,48.14,50.06
Washington,IA,46.48,50.55
Wayne,IA,43.14,54.59
Webster,IA,52.14,46.3
Winnebago,IA,49.05,49.1
Winneshiek,IA,56.44,41.7
Woodbury,IA,49.54,48.52
Worth,IA,56.33,41.8
Wright,IA,45.17,53.35
Allen,KS,35.2,62.45
Anderson,KS,28.48,68.66
Atchison,KS,38.46,58.69
Barber,KS,20.83,76.58
Barton,KS,22.21,76.14
Bourbon,KS,31.92,65.59
Brown,KS,26.95,70.85
Butler,KS,27.92,69.61
Chase,KS,28.17,68.84
Chautauqua,KS,17.18,80.0
Cherokee,KS,34.19,63.66
Cheyenne,KS,16.34,81.28
Clark,KS,17.11,79.15
Clay,KS,22.63,75.64
Cloud,KS,24.0,72.79
Coffey,KS,22.99,74.32
Comanche,KS,15.41,82.65
Cowley,KS,33.98,63.58
Crawford,KS,45.39,51.25
Decatur,KS,17.36,79.5
Dickinson,KS,25.12,72.52
Doniphan,KS,26.51,70.94
Douglas,KS,60.39,35.91
Edwards,KS,21.52,76.46
Elk,KS,20.53,76.63
Ellis,KS,26.1,71.7
Ellsworth,KS,25.88,71.17
Finney,KS,29.52,68.46
Ford,KS,31.09,66.99
Franklin,KS,33.61,63.55
Geary,KS,42.47,55.73
Gove,KS,12.73,84.45
Graham,KS,19.1,78.81
Grant,KS,19.77,78.53
Gray,KS,16.55,81.87
Greeley,KS,16.87,81.04
Greenwood,KS,22.52,74.89
Hamilton,KS,18.59,79.02
Harper,KS,23.02,73.63
Harvey,KS,37.59,60.08
Haskell,KS,15.4,83.02
Hodgeman,KS,16.89,81.89
Jackson,KS,34.18,63.42
Jefferson,KS,37.15,60.24
Jewell,KS,15.3,82.5
Johnson,KS,40.18,57.58
Kearny,KS,19.34,79.15
Kingman,KS,22.69,74.19
Kiowa,KS,14.25,85.31
Labette,KS,38.78,59.0
Lane,KS,18.53,79.63
Leavenworth,KS,39.05,58.65
Lincoln,KS,19.49,78.56
Linn,KS,26.19,71.12
Logan,KS,14.59,83.41
Lyon,KS,43.04,54.48
McPherson,KS,28.05,69.49
Marion,KS,25.61,71.9
Marshall,KS,30.78,66.94
Meade,KS,15.1,83.56
Miami,KS,31.72,66.36
Mitchell,KS,19.7,78.48
Montgomery,KS,28.2,69.5
Morris,KS,28.02,69.2
Morton,KS,14.79,83.88
Nemaha,KS,19.9,78.19
Neosho,KS,31.64,65.93
Ness,KS,15.1,83.73
Norton,KS,17.12,80.77
Osage,KS,32.84,64.1
Osborne,KS,17.63,80.47
Ottawa,KS,19.02,78.25
Pawnee,KS,27.53,70.4
Phillips,KS,14.89,83.24
Pottawatomie,KS,24.63,71.78
Pratt,KS,25.78,72.9
Rawlins,KS,13.16,84.7
Reno,KS,33.11,64.36
Republic,KS,17.76,79.45
Rice,KS,24.75,72.7
Riley,KS,42.54,54.53
Rooks,KS,14.67,82.85
Rush,KS,23.38,74.27
Russell,KS,18.53,79.78
Saline,KS,32.75,64.38
Scott,KS,13.5,84.21
Sedgwick,KS,39.35,58.23
Seward,KS,28.79,69.88
Shawnee,KS,48.33,49.38
Sheridan,KS,12.52,85.99
Sherman,KS,22.0,75.33
Smith,KS,17.7,80.28
Stafford,KS,21.97,75.31
Stanton,KS,18.84,79.71
Stevens,KS,12.39,85.99
Sumner,KS,29.08,68.48
Thomas,KS,17.21,80.25
Trego,KS,18.43,79.86
Wabaunsee,KS,28.1,69.05
Wallace,KS,8.52,90.1
Washington,KS,18.14,80.17
Wichita,KS,15.91,83.18
Wilson,KS,22.01,76.0
Woodson,KS,26.26,71.53
Wyandotte,KS,67.4,30.45
Adair,KY,21.84,76.86
Allen,KY,25.46,73.01
Anderson,KY,32.12,66.1
Ballard,KY,30.53,67.96
Barren,KY,32.59,65.92
Bath,KY,42.94,55.19
Bell,KY,23.45,75.16
Boone,KY,29.76,68.41
Bourbon,KY,38.81,59.22
Boyd,KY,40.82,57.14
Boyle,KY,36.14,62.26
Bracken,KY,35.49,62.78
Breathitt,KY,31.19,66.25
Breckinridge,KY,35.45,63.06
Bullitt,KY,31.38,67.04
Butler,KY,25.55,73.44
Caldwell,KY,31.6,66.62
Calloway,KY,35.28,62.63
Campbell,KY,37.53,60.33
Carlisle,KY,28.64,70.06
Carroll,KY,44.27,54.32
Carter,KY,37.98,59.26
Casey,KY,17.83,80.51
Christian,KY,37.59,61.38
Clark,KY,33.91,64.42
Clay,KY,15.05,83.65
Clinton,KY,17.12,81.24
Crittenden,KY,24.91,73.66
Cumberland,KY,20.99,77.65
Daviess,KY,38.51,59.62
Edmonson,KY,29.43,69.24
Elliott,KY,49.44,46.94
Estill,KY,26.16,72.32
Fayette,KY,49.32,48.3
Fleming,KY,33.05,65.38
Floyd,KY,31.79,65.71
Franklin,KY,49.43,48.61
Fulton,KY,41.19,57.44
Gallatin,KY,40.44,57.43
Garrard,KY,23.47,75.03
Grant,KY,32.64,65.8
Graves,KY,29.33,69.01
Grayson,KY,29.6,69.08
Green,KY,23.99,74.84
Greenup,KY,39.73,58.38
Hancock,KY,44.34,53.51
Hardin,KY,38.79,59.56
Harlan,KY,17.17,81.19
Harrison,KY,34.5,63.6
Hart,KY,34.48,64.29
Henderson,KY,43.45,55.29
Henry,KY,38.39,59.79
Hickman,KY,32.07,66.9
Hopkins,KY,29.29,69.21
Jackson,KY,12.09,86.25
Jefferson,KY,54.69,43.6
Jessamine,KY,29.08,68.98
Johnson,KY,19.07,78.53
Kenton,KY,36.81,61.13
Knott,KY,24.94,72.55
Knox,KY,22.38,76.28
Larue,KY,30.07,67.85
Laurel,KY,17.43,81.0
Lawrence,KY,27.18,71.44
Lee,KY,22.68,75.37
Leslie,KY,8.74,89.62
Letcher,KY,19.43,77.77
Lewis,KY,28.14,69.74
Lincoln,KY,28.21,70.1
Livingston,KY,29.84,68.48
Logan,KY,33.01,65.64
Lyon,KY,35.76,62.83
McCracken,KY,32.94,65.4
McCreary,KY,18.73,79.97
McLean,KY,34.1,64.4
Madison,KY,34.55,63.41
Magoffin,KY,29.21,69.12
Marion,KY,46.71,51.93
Marshall,KY,31.95,66.17
Martin,KY,15.01,83.16
Mason,KY,37.67,60.99
Meade,KY,37.76,60.52
Menifee,KY,40.34,57.12
Mercer,KY,29.84,68.62
Metcalfe,KY,34.06,63.96
Monroe,KY,19.72,79.27
Montgomery,KY,36.11,62.43
Morgan,KY,30.61,67.55
Muhlenberg,KY,37.45,60.93
Nelson,KY,41.07,57.59
Nicholas,KY,36.73,61.33
Ohio,KY,30.97,67.07
Oldham,KY,30.92,67.52
Owen,KY,32.94,65.2
Owsley,KY,17.91,80.95
Pendleton,KY,33.59,64.26
Perry,KY,19.99,78.51
Pike,KY,23.89,74.42
Powell,KY,36.15,61.73
Pulaski,KY,19.14,79.66
Robertson,KY,36.36,61.93
Rockcastle,KY,17.65,80.89
Rowan,KY,44.85,52.64
Russell,KY,18.27,80.24
Scott,KY,36.61,61.63
Shelby,KY,35.55,63.17
Simpson,KY,37.36,61.4
Spencer,KY,30.23,67.92
Taylor,KY,30.0,68.96
Todd,KY,29.74,68.82
Trigg,KY,31.37,67.04
Trimble,KY,38.24,60.2
Union,KY,32.48,66.15
Warren,KY,38.28,60.1
Washington,KY,31.98,66.97
Wayne,KY,25.73,73.36
Webster,KY,32.27,65.94
Whitley,KY,20.52,78.27
Wolfe,KY,38.14,60.26
Woodford,KY,39.6,58.54
Acadia,LA,24.45,74.27
Allen,LA,28.12,69.79
Ascension,LA,32.01,66.29
Assumption,LA,43.25,55.34
Avoyelles,LA,35.68,62.65
Beauregard,LA,19.88,78.12
Bienville,LA,48.45,50.55
Bossier,LA,26.68,72.05
Caddo,LA,51.93,46.94
Calcasieu,LA,34.7,63.44
Caldwell,LA,21.54,77.18
Cameron,LA,10.9,87.07
Catahoula,LA,33.58,65.44
Claiborne,LA,44.77,54.2
Concordia,LA,40.86,58.1
De Soto,LA,42.55,56.34
East Baton Rouge,LA,51.8,46.57
East Carroll,LA,61.83,37.62
East Feliciana,LA,45.53,52.87
Evangeline,LA,33.8,64.56
Franklin,LA,31.29,67.42
Grant,LA,16.41,81.71
Iberia,LA,36.33,62.56
Iberville,LA,56.12,42.74
Jackson,LA,30.61,68.16
Jefferson,LA,39.91,58.15
Jefferson Davis,LA,25.37,72.91
Lafayette,LA,32.21,65.89
Lafourche,LA,24.63,73.17
La Salle,LA,11.63,87.13
Lincoln,LA,41.89,56.54
Livingston,LA,13.78,84.19
Madison,LA,60.81,38.56
Morehouse,LA,46.68,52.25
Natchitoches,LA,46.02,52.6
Orleans,LA,80.3,17.74
Ouachita,LA,38.91,59.8
Plaquemines,LA,35.15,63.2
Pointe Coupee,LA,44.75,53.91
Rapides,LA,34.55,64.1
Red River,LA,46.87,51.65
Richland,LA,36.31,62.66
Sabine,LA,21.82,76.97
St Bernard,LA,36.25,60.92
St Charles,LA,35.12,62.91
St Helena,LA,59.12,39.55
St James,LA,56.95,42.03
St John the Baptist,LA,62.39,36.07
St Landry,LA,47.23,51.56
St Martin,LA,37.05,61.55
St Mary,LA,39.97,58.74
St Tammany,LA,22.79,75.04
Tangipahoa,LA,35.37,63.06
Tensas,LA,55.62,43.74
Terrebonne,LA,28.52,69.68
Union,LA,28.56,70.23
Vermilion,LA,22.89,75.68
Vernon,LA,20.33,77.83
Washington,LA,34.8,63.49
Webster,LA,36.94,61.9
West Baton Rouge,LA,44.56,54.19
West Carroll,LA,18.76,79.77
West Feliciana,LA,42.25,56.38
Winn,LA,29.37,69.5
Androscoggin,ME,54.84,42.06
Aroostook,ME,52.5,44.88
Cumberland,ME,62.25,35.3
Franklin,ME,57.53,39.12
Hancock,ME,57.04,40.01
Kennebec,ME,55.23,41.76
Knox,ME,59.92,37.38
Lincoln,ME,54.51,42.87
Oxford,ME,55.51,40.77
Penobscot,ME,50.2,47.28
Piscataquis,ME,46.33,50.59
Sagadahoc,ME,56.85,40.54
Somerset,ME,49.28,47.61
Waldo,ME,53.63,43.01
Washington,ME,49.27,47.68
York,ME,56.96,40.63
Allegany,MD,32.85,64.42
Anne Arundel,MD,48.68,48.75
Baltimore,MD,57.26,40.26
Calvert,MD,45.1,52.62
Caroline,MD,37.21,60.63
Carroll,MD,31.92,64.84
Cecil,MD,38.98,58.39
Charles,MD,64.84,33.47
Dorchester,MD,46.99,51.64
Frederick,MD,47.09,50.21
Garrett,MD,23.74,74.05
Harford,MD,39.48,57.89
Howard,MD,59.69,37.72
Kent,MD,48.89,49.17
Montgomery,MD,70.92,27.05
Prince Georges,MD,89.73,9.22
Queen Annes,MD,34.38,63.58
St Marys,MD,41.22,56.03
Somerset,MD,50.39,48.49
Talbot,MD,43.05,55.42
Washington,MD,39.9,57.48
Wicomico,MD,46.46,51.5
Worcester,MD,40.17,58.17
Baltimore City,MD,87.19,11.09
Barnstable,MA,53.2,45.41
Berkshire,MA,75.74,22.1
Bristol,MA,59.39,38.88
Dukes,MA,72.74,25.46
Essex,MA,57.4,41.07
Franklin,MA,71.7,24.75
Hampden,MA,61.69,36.62
Hampshire,MA,70.27,26.32
Middlesex,MA,62.56,35.45
Nantucket,MA,62.58,35.74
Norfolk,MA,56.86,41.62
Plymouth,MA,51.4,47.2
Suffolk,MA,77.45,20.75
Worcester,MA,53.71,44.27
Alcona,MI,40.5,58.5
Alger,MI,47.9,50.45
Allegan,MI,39.42,58.97
Alpena,MI,46.48,51.79
Antrim,MI,38.7,60.0
Arenac,MI,46.79,51.74
Baraga,MI,45.1,53.47
Barry,MI,40.15,58.2
Bay,MI,52.02,46.49
Benzie,MI,47.32,51.26
Berrien,MI,45.99,52.51
Branch,MI,40.32,58.52
Calhoun,MI,50.18,48.58
Cass,MI,42.65,56.29
Charlevoix,MI,42.05,56.64
Cheboygan,MI,43.68,54.58
Chippewa,MI,45.34,52.86
Clare,MI,46.83,51.63
Clinton,MI,46.36,52.63
Crawford,MI,43.94,54.95
Delta,MI,45.95,52.59
Dickinson,MI,38.53,59.82
Eaton,MI,50.95,47.82
Emmet,MI,40.67,57.71
Genesee,MI,63.3,35.24
Gladwin,MI,45.78,52.94
Gogebic,MI,53.3,45.24
Grand Traverse,MI,43.31,55.05
Gratiot,MI,47.46,51.39
Hillsdale,MI,37.2,61.4
Houghton,MI,44.27,53.36
Huron,MI,42.1,56.87
Ingham,MI,63.01,35.31
Ionia,MI,42.61,55.36
Iosco,MI,46.63,51.62
Iron,MI,44.69,53.63
Isabella,MI,53.74,44.52
Jackson,MI,46.35,52.09
Kalamazoo,MI,55.83,42.58
Kalkaska,MI,39.43,59.06
Kent,MI,45.35,53.0
Keweenaw,MI,41.81,55.6
Lake,MI,51.83,46.84
Lapeer,MI,43.6,55.05
Leelanau,MI,46.25,52.63
Lenawee,MI,48.47,49.75
Livingston,MI,37.73,60.91
Luce,MI,38.17,60.86
Mackinac,MI,43.35,55.53
Macomb,MI,51.3,47.33
Manistee,MI,52.19,46.26
Marquette,MI,56.0,42.06
Mason,MI,46.75,51.69
Mecosta,MI,44.26,54.04
Menominee,MI,47.8,50.73
Midland,MI,41.57,56.98
Missaukee,MI,32.36,66.39
Monroe,MI,49.68,48.69
Montcalm,MI,44.74,53.32
Montmorency,MI,40.57,57.97
Muskegon,MI,58.16,40.43
Newaygo,MI,40.64,58.0
Oakland,MI,53.4,45.37
Oceana,MI,44.22,54.49
Ogemaw,MI,46.09,52.31
Ontonagon,MI,44.81,53.86
Osceola,MI,38.73,59.75
Oscoda,MI,40.88,56.95
Otsego,MI,39.37,58.96
Ottawa,MI,32.19,66.41
Presque Isle,MI,44.97,53.45
Roscommon,MI,47.4,51.24
Saginaw,MI,55.33,43.46
St Clair,MI,45.81,52.94
St Joseph,MI,43.13,55.36
Sanilac,MI,39.09,59.42
Schoolcraft,MI,45.92,52.75
Shiawassee,MI,51.06,47.39
Tuscola,MI,43.76,54.54
Van Buren,MI,49.61,49.15
Washtenaw,MI,67.04,31.28
Wayne,MI,72.83,26.13
Wexford,MI,41.51,56.72
Aitkin,MN,48.26,49.58
Anoka,MN,47.52,50.11
Becker,MN,41.69,56.18
Beltrami,MN,53.59,43.7
Benton,MN,41.66,55.3
Big Stone,MN,48.23,49.66
Blue Earth,MN,53.0,43.52
Brown,MN,40.42,56.99
Carlton,MN,61.78,35.72
Carver,MN,39.22,58.9
Cass,MN,42.49,55.49
Chippewa,MN,49.72,47.85
Chisago,MN,42.54,55.12
Clay,MN,52.65,44.73
Clearwater,MN,41.77,56.21
Cook,MN,59.99,36.75
Cottonwood,MN,41.5,56.57
Crow Wing,MN,42.27,55.6
Dakota,MN,50.37,47.45
Dodge,MN,43.45,53.47
Douglas,MN,41.3,56.72
Faribault,MN,44.17,53.21
Fillmore,MN,52.45,45.11
Freeborn,MN,55.82,41.72
Goodhue,MN,47.33,50.33
Grant,MN,47.23,50.13
Hennepin,MN,62.34,35.3
Houston,MN,50.56,47.4
Hubbard,MN,40.59,57.48
Isanti,MN,39.69,57.75
Itasca,MN,53.73,43.9
Jackson,MN,41.77,56.06
Kanabec,MN,44.09,53.1
Kandiyohi,MN,45.68,52.36
Kittson,MN,51.28,45.25
Koochiching,MN,53.44,43.99
Lac qui Parle,MN,49.55,48.64
Lake,MN,59.28,38.27
Lake of the Woods,MN,38.45,58.46
Le Sueur,MN,45.64,52.15
Lincoln,MN,45.8,51.12
Lyon,MN,44.12,53.23
McLeod,MN,37.56,59.66
Mahnomen,MN,58.48,39.92
Marshall,MN,42.53,54.68
Martin,MN,36.96,60.69
Meeker,MN,40.68,56.6
Mille Lacs,MN,44.53,53.1
Morrison,MN,36.81,60.78
Mower,MN,60.03,37.42
Murray,MN,45.31,52.53
Nicollet,MN,52.58,44.75
Nobles,MN,44.52,53.77
Norman,MN,53.94,43.16
Olmsted,MN,50.23,47.03
Otter Tail,MN,38.41,59.55
Pennington,MN,46.4,50.71
Pine,MN,48.34,49.02
Pipestone,MN,37.13,60.83
Polk,MN,46.1,51.83
Pope,MN,47.73,50.3
Ramsey,MN,66.33,31.13
Red Lake,MN,46.99,49.52
Redwood,MN,38.61,58.66
Renville,MN,44.02,53.81
Rice,MN,52.85,44.58
Rock,MN,40.16,57.99
Roseau,MN,37.7,59.97
St Louis,MN,63.48,33.85
Scott,MN,41.47,56.28
Sherburne,MN,37.84,59.88
Sibley,MN,37.31,60.05
Stearns,MN,42.75,54.81
Steele,MN,45.52,51.78
Stevens,MN,48.51,48.94
Swift,MN,53.74,43.91
Todd,MN,40.83,56.93
Traverse,MN,51.06,46.62
Wabasha,MN,46.03,51.42
Wadena,MN,36.7,61.01
Waseca,MN,44.83,52.49
Washington,MN,49.39,48.64
Watonwan,MN,48.48,48.93
Wilkin,MN,39.04,58.47
Winona,MN,55.01,42.16
Wright,MN,37.96,59.67
Yellow Medicine,MN,45.53,51.83
Adams,MS,58.66,40.74
Alcorn,MS,23.67,74.92
Amite,MS,42.07,57.28
Attala,MS,43.19,56.38
Benton,MS,49.83,49.59
Bolivar,MS,68.59,30.47
Calhoun,MS,36.59,62.42
Carroll,MS,33.49,66.09
Chickasaw,MS,51.49,46.97
Choctaw,MS,33.42,65.81
Claiborne,MS,88.22,11.4
Clarke,MS,37.7,61.18
Clay,MS,60.62,38.76
Coahoma,MS,73.86,25.71
Copiah,MS,54.87,44.48
Covington,MS,41.48,57.82
De Soto,MS,32.79,66.21
Forrest,MS,43.89,54.82
Franklin,MS,38.42,60.87
George,MS,13.79,84.98
Greene,MS,22.37,76.51
Grenada,MS,46.65,52.81
Hancock,MS,22.82,75.52
Harrison,MS,36.51,62.33
Hinds,MS,71.47,27.86
Holmes,MS,84.11,15.45
Humphreys,MS,74.88,24.81
Issaquena,MS,60.86,38.37
Itawamba,MS,18.31,79.34
Jackson,MS,32.24,66.62
Jasper,MS,54.57,44.89
Jefferson,MS,89.13,10.56
Jefferson Davis,MS,62.16,36.52
Jones,MS,30.54,68.59
Kemper,MS,64.11,35.41
Lafayette,MS,41.48,56.78
Lamar,MS,22.07,76.74
Lauderdale,MS,42.15,57.05
Lawrence,MS,36.85,62.59
Leake,MS,45.41,54.14
Lee,MS,35.58,63.49
Leflore,MS,71.39,28.08
Lincoln,MS,33.33,66.04
Lowndes,MS,49.3,49.78
Madison,MS,41.8,57.51
Marion,MS,34.51,64.71
Marshall,MS,59.42,39.86
Monroe,MS,41.71,57.47
Montgomery,MS,47.39,52.21
Neshoba,MS,28.04,71.15
Newton,MS,33.95,65.4
Noxubee,MS,78.54,21.15
Oktibbeha,MS,50.2,48.36
Panola,MS,53.96,45.34
Pearl River,MS,19.65,78.96
Perry,MS,26.69,72.3
Pike,MS,53.69,45.52
Pontotoc,MS,22.59,76.13
Prentiss,MS,28.08,70.52
Quitman,MS,71.3,28.05
Rankin,MS,23.37,75.52
Scott,MS,44.91,54.36
Sharkey,MS,70.38,29.11
Simpson,MS,38.56,60.61
Smith,MS,24.44,74.69
Stone,MS,26.59,71.96
Sunflower,MS,73.02,26.09
Tallahatchie,MS,60.88,38.43
Tate,MS,39.76,59.1
Tippah,MS,25.28,73.3
Tishomingo,MS,20.7,77.28
Tunica,MS,79.3,20.15
Union,MS,24.13,74.77
Walthall,MS,45.32,53.65
Warren,MS,50.42,48.89
Washington,MS,70.92,28.66
Wayne,MS,40.15,59.15
Webster,MS,22.74,76.27
Wilkinson,MS,70.31,29.16
Winston,MS,46.87,52.58
Yalobusha,MS,47.69,51.56
Yazoo,MS,56.82,42.52
Adair,MO,41.67,55.81
Andrew,MO,31.76,65.42
Atchison,MO,27.91,70.21
Audrain,MO,35.45,61.97
Barry,MO,26.56,71.22
Barton,MO,21.41,76.89
Bates,MO,32.9,64.6
Benton,MO,31.94,66.28
Bollinger,MO,22.23,75.05
Boone,MO,50.17,47.1
Buchanan,MO,44.42,53.15
Butler,MO,25.83,72.52
Caldwell,MO,31.49,65.3
Callaway,MO,33.3,64.42
Camden,MO,29.33,68.55
Cape Girardeau,MO,27.15,70.81
Carroll,MO,26.81,71.38
Carter,MO,26.94,70.67
Cass,MO,34.71,62.95
Cedar,MO,25.43,72.39
Chariton,MO,35.04,62.86
Christian,MO,25.85,72.37
Clark,MO,43.35,53.64
Clay,MO,44.61,52.99
Clinton,MO,37.4,60.15
Cole,MO,32.28,65.85
Cooper,MO,32.94,65.06
Crawford,MO,30.81,67.17
Dade,MO,24.1,74.31
Dallas,MO,29.15,68.58
Daviess,MO,31.95,65.04
De Kalb,MO,27.45,70.25
Dent,MO,23.76,73.2
Douglas,MO,26.08,70.9
Dunklin,MO,34.14,64.31
Franklin,MO,34.83,62.64
Gasconade,MO,29.42,68.62
Gentry,MO,31.24,66.29
Greene,MO,36.56,60.83
Grundy,MO,27.71,69.27
Harrison,MO,26.63,71.01
Henry,MO,35.42,61.18
Hickory,MO,37.03,60.58
Holt,MO,23.85,74.68
Howard,MO,35.4,61.99
Howell,MO,26.89,70.62
Iron,MO,41.4,55.87
Jackson,MO,58.95,39.32
Jasper,MO,28.33,69.33
Jefferson,MO,42.4,55.07
Johnson,MO,36.47,60.72
Knox,MO,35.67,61.57
Laclede,MO,26.52,70.84
Lafayette,MO,35.64,61.79
Lawrence,MO,25.5,72.49
Lewis,MO,35.24,62.56
Lincoln,MO,33.96,62.93
Linn,MO,36.77,60.25
Livingston,MO,31.48,66.17
McDonald,MO,24.56,72.84
Macon,MO,32.25,65.66
Madison,MO,32.21,65.46
Maries,MO,28.62,69.74
Marion,MO,33.16,65.17
Mercer,MO,21.33,75.83
Miller,MO,24.0,73.31
Mississippi,MO,37.76,60.91
Moniteau,MO,24.96,73.01
Monroe,MO,34.46,63.2
Montgomery,MO,32.56,65.31
Morgan,MO,31.92,65.99
New Madrid,MO,38.81,59.09
Newton,MO,25.5,72.17
Nodaway,MO,35.34,62.31
Oregon,MO,32.1,65.28
Osage,MO,21.29,77.02
Ozark,MO,28.32,69.17
Pemiscot,MO,42.16,56.8
Perry,MO,27.34,70.98
Pettis,MO,34.38,63.13
Phelps,MO,31.71,65.05
Pike,MO,35.27,62.52
Platte,MO,41.95,56.04
Polk,MO,27.29,70.52
Pulaski,MO,30.94,67.0
Putnam,MO,25.42,72.46
Ralls,MO,34.47,64.16
Randolph,MO,30.39,66.84
Ray,MO,41.24,56.09
Reynolds,MO,36.13,60.31
Ripley,MO,26.52,71.12
St Charles,MO,38.55,59.44
St Clair,MO,31.56,65.26
Ste. Genevieve,MO,47.25,50.25
St Francois,MO,38.89,58.35
St Louis,MO,56.04,42.39
Saline,MO,41.61,56.04
Schuyler,MO,35.95,60.55
Scotland,MO,33.21,64.36
Scott,MO,30.13,68.37
Shannon,MO,35.27,61.27
Shelby,MO,29.89,67.7
Stoddard,MO,24.51,73.81
Stone,MO,24.45,73.45
Sullivan,MO,34.99,62.04
Taney,MO,25.2,72.44
Texas,MO,26.67,70.77
Vernon,MO,30.28,67.57
Warren,MO,35.56,62.35
Washington,MO,39.3,58.32
Wayne,MO,31.7,66.26
Webster,MO,28.45,69.1
Worth,MO,32.54,63.36
Wright,MO,24.55,73.29
St Louis City,MO,82.45,15.93
Beaverhead,MT,28.49,68.35
Big Horn,MT,62.3,36.04
Blaine,MT,56.52,41.2
Broadwater,MT,25.37,71.47
Carbon,MT,36.7,60.42
Carter,MT,12.06,85.18
Cascade,MT,44.05,53.06
Chouteau,MT,34.67,62.32
Custer,MT,34.17,62.87
Daniels,MT,23.54,73.49
Dawson,MT,27.56,68.48
Deer Lodge,MT,64.13,32.47
Fallon,MT,16.86,80.23
Fergus,MT,27.01,70.12
Flathead,MT,31.64,64.47
Gallatin,MT,45.84,50.84
Garfield,MT,9.42,88.73
Glacier,MT,65.63,31.76
Golden Valley,MT,22.96,73.28
Granite,MT,31.26,64.93
Hill,MT,49.86,46.36
Jefferson,MT,34.84,62.18
Judith Basin,MT,27.74,70.29
Lake,MT,43.63,53.63
Lewis and Clark,MT,46.88,50.43
Liberty,MT,25.75,70.34
Lincoln,MT,28.71,68.13
McCone,MT,22.46,75.03
Madison,MT,28.44,69.06
Meagher,MT,27.67,68.93
Mineral,MT,34.64,60.17
Missoula,MT,57.35,39.58
Musselshell,MT,20.44,76.15
Park,MT,43.15,53.71
Petroleum,MT,16.44,80.54
Phillips,MT,21.14,75.76
Pondera,MT,35.86,61.53
Powder River,MT,16.55,81.11
Powell,MT,31.98,65.03
Prairie,MT,23.76,73.97
Ravalli,MT,32.8,64.41
Richland,MT,21.56,75.52
Roosevelt,MT,56.81,41.23
Rosebud,MT,40.36,56.88
Sanders,MT,29.15,67.45
Sheridan,MT,34.49,62.6
Silver Bow,MT,64.79,32.41
Stillwater,MT,26.54,70.97
Sweet Grass,MT,22.44,75.3
Teton,MT,32.98,64.4
Toole,MT,27.69,68.51
Treasure,MT,25.05,70.11
Valley,MT,35.89,60.56
Wheatland,MT,27.42,69.86
Wibaux,MT,18.01,77.39
Yellowstone,MT,38.37,58.86
Yellowstone Nat Park,MT,0.0,0.0
Adams,NE,32.06,65.64
Antelope,NE,17.67,80.32
Arthur,NE,11.45,86.64
Banner,NE,13.38,84.18
Blaine,NE,9.57,88.45
Boone,NE,21.92,76.19
Box Butte,NE,35.96,60.98
Boyd,NE,17.55,81.51
Brown,NE,14.41,83.73
Buffalo,NE,27.58,69.76
Burt,NE,38.25,60.12
Butler,NE,27.08,70.95
Cass,NE,35.85,62.04
Cedar,NE,22.1,75.63
Chase,NE,13.6,84.84
Cherry,NE,14.23,83.45
Cheyenne,NE,23.32,74.19
Clay,NE,22.63,75.74
Colfax,NE,31.57,66.83
Cuming,NE,25.93,72.33
Custer,NE,19.7,78.14
Dakota,NE,47.62,50.42
Dawes,NE,30.36,66.47
Dawson,NE,27.98,69.47
Deuel,NE,21.14,75.02
Dixon,NE,32.39,64.97
Dodge,NE,37.95,60.17
Douglas,NE,47.54,50.56
Dundy,NE,17.87,80.41
Fillmore,NE,28.03,69.71
Franklin,NE,25.0,72.4
Frontier,NE,20.77,77.16
Furnas,NE,18.88,79.55
Gage,NE,40.4,57.06
Garden,NE,22.18,75.99
Garfield,NE,15.85,81.81
Gosper,NE,23.52,75.05
Grant,NE,8.26,88.71
Greeley,NE,28.69,69.2
Hall,NE,35.4,62.51
Hamilton,NE,23.53,73.91
Harlan,NE,19.91,78.46
Hayes,NE,9.46,88.31
Hitchcock,NE,18.33,78.8
Holt,NE,17.86,79.41
Hooker,NE,14.94,83.54
Howard,NE,31.85,65.85
Jefferson,NE,34.68,62.86
Johnson,NE,38.29,59.38
Kearney,NE,24.31,73.87
Keith,NE,22.87,75.01
Keya Paha,NE,16.53,81.2
Kimball,NE,23.41,73.21
Knox,NE,26.24,71.48
Lancaster,NE,48.69,49.02
Lincoln,NE,28.43,68.53
Logan,NE,15.78,82.6
Loup,NE,17.32,81.01
McPherson,NE,14.09,81.44
Madison,NE,25.1,72.47
Merrick,NE,26.51,71.37
Morrill,NE,20.78,76.76
Nance,NE,29.67,68.23
Nemaha,NE,35.1,62.6
Nuckolls,NE,25.92,71.84
Otoe,NE,36.68,60.99
Pawnee,NE,29.83,67.04
Perkins,NE,17.07,81.42
Phelps,NE,20.09,77.63
Pierce,NE,18.57,78.9
Platte,NE,23.37,74.68
Polk,NE,21.49,76.92
Red Willow,NE,19.29,78.83
Richardson,NE,31.85,65.34
Rock,NE,13.05,85.17
Saline,NE,46.17,51.57
Sarpy,NE,37.31,60.45
Saunders,NE,32.07,65.65
Scotts Bluff,NE,30.29,67.53
Seward,NE,31.51,66.06
Sheridan,NE,15.78,81.76
Sherman,NE,36.08,60.59
Sioux,NE,13.67,84.44
Stanton,NE,23.22,73.71
Thayer,NE,27.38,70.48
Thomas,NE,10.29,88.24
Thurston,NE,56.3,42.39
Valley,NE,22.69,75.49
Washington,NE,30.57,67.33
Wayne,NE,29.17,67.71
Webster,NE,25.37,72.22
Wheeler,NE,20.76,77.01
York,NE,21.61,76.7
Churchill,NV,28.85,68.79
Clark,NV,56.42,41.82
Douglas,NV,35.65,62.42
Elko,NV,21.96,75.15
Esmeralda,NV,21.15,72.87
Eureka,NV,13.24,82.05
Humboldt,NV,30.24,66.33
Lander,NV,24.67,72.98
Lincoln,NV,18.59,78.58
Lyon,NV,34.38,62.99
Mineral,NV,42.41,53.07
Nye,NV,36.07,60.3
Pershing,NV,33.55,61.94
Storey,NV,39.76,57.09
Washoe,NV,50.79,47.09
White Pine,NV,26.54,70.22
Carson City,NV,44.13,53.15
Belknap,NH,46.89,51.85
Carroll,NH,48.87,49.67
Cheshire,NH,61.36,36.64
Coos,NH,57.93,40.4
Grafton,NH,60.85,37.15
Hillsborough,NH,49.74,48.62
Merrimack,NH,55.59,42.88
Rockingham,NH,47.03,51.59
Strafford,NH,56.32,41.78
Sullivan,NH,55.71,42.45
Atlantic,NJ,57.88,41.04
Bergen,NJ,55.12,43.8
Burlington,NJ,58.42,40.4
Camden,NJ,68.02,30.75
Cape May,NJ,45.03,53.61
Cumberland,NJ,61.51,37.31
Essex,NJ,77.95,21.3
Gloucester,NJ,54.59,43.86
Hudson,NJ,77.45,21.43
Hunterdon,NJ,40.34,58.07
Mercer,NJ,67.19,30.48
Middlesex,NJ,63.13,35.55
Monmouth,NJ,46.84,51.81
Morris,NJ,43.98,54.79
Ocean,NJ,40.62,58.16
Passaic,NJ,63.62,35.41
Salem,NJ,49.69,48.39
Somerset,NJ,52.1,46.52
Sussex,NJ,38.28,59.57
Union,NJ,66.52,32.52
Warren,NJ,41.27,56.69
Bernalillo,NM,55.63,39.27
Catron,NM,26.38,70.37
Chaves,NM,32.54,64.5
Cibola,NM,60.18,36.37
Colfax,NM,49.06,46.83
Curry,NM,29.52,67.9
De Baca,NM,31.82,64.97
Dona Ana,NM,55.91,41.13
Eddy,NM,31.88,65.3
Grant,NM,54.95,41.53
Guadalupe,NM,69.7,26.09
Harding,NM,43.26,54.41
Hidalgo,NM,51.42,46.46
Lea,NM,23.98,73.75
Lincoln,NM,31.83,64.5
Los Alamos,NM,48.72,45.02
Luna,NM,47.77,48.93
McKinley,NM,72.24,25.29
Mora,NM,74.88,22.79
Otero,NM,34.12,62.22
Quay,NM,37.31,59.4
Rio Arriba,NM,74.72,22.14
Roosevelt,NM,28.93,67.73
Sandoval,NM,50.36,45.1
San Juan,NM,34.29,62.39
San Miguel,NM,76.9,20.01
Santa Fe,NM,73.47,22.38
Sierra,NM,38.49,57.39
Socorro,NM,56.42,37.84
Taos,NM,78.09,17.8
Torrance,NM,37.93,55.12
Union,NM,26.83,70.27
Valencia,NM,48.73,46.25
Albany,NY,64.49,33.19
Allegany,NY,36.21,61.29
Bronx,NY,91.45,8.08
Broome,NY,51.46,46.15
Cattaraugus,NY,42.49,55.66
Cayuga,NY,54.58,43.18
Chautauqua,NY,45.05,52.92
Chemung,NY,47.98,50.31
Chenango,NY,47.2,50.29
Clinton,NY,61.85,36.26
Columbia,NY,55.69,41.97
Cortland,NY,53.41,44.31
Delaware,NY,44.55,53.32
Dutchess,NY,52.8,45.29
Erie,NY,57.31,40.97
Essex,NY,58.53,39.76
Franklin,NY,62.09,36.02
Fulton,NY,43.47,54.62
Genesee,NY,38.8,59.03
Greene,NY,43.69,54.06
Hamilton,NY,36.24,62.06
Herkimer,NY,45.02,53.04
Jefferson,NY,47.89,50.75
Kings,NY,82.02,16.9
Lewis,NY,44.9,53.71
Livingston,NY,43.72,53.97
Madison,NY,49.37,48.49
Monroe,NY,57.97,39.95
Montgomery,NY,46.7,51.33
Nassau,NY,53.28,45.64
New York,NY,83.74,14.92
Niagara,NY,49.42,48.58
Oneida,NY,46.68,51.36
Onondaga,NY,59.72,38.51
Ontario,NY,48.25,49.78
Orange,NY,52.13,46.48
Orleans,NY,39.35,58.44
Oswego,NY,52.73,44.81
Otsego,NY,50.2,47.48
Putnam,NY,44.0,54.31
Queens,NY,79.08,19.92
Rensselaer,NY,54.96,42.77
Richmond,NY,50.71,48.14
Rockland,NY,52.78,46.07
St Lawrence,NY,57.41,40.7
Saratoga,NY,50.19,47.75
Schenectady,NY,56.74,40.92
Schoharie,NY,41.09,56.54
Schuyler,NY,45.1,52.55
Seneca,NY,53.48,44.39
Steuben,NY,40.97,56.98
Suffolk,NY,51.17,47.48
Sullivan,NY,53.73,44.71
Tioga,NY,41.36,56.13
Tompkins,NY,68.48,27.92
Ulster,NY,59.97,37.37
Warren,NY,50.06,47.73
Washington,NY,49.89,48.0
Wayne,NY,44.3,53.43
Westchester,NY,61.99,36.84
Wyoming,NY,34.66,63.35
Yates,NY,47.53,50.82
Alamance,NC,42.6,56.32
Alexander,NC,26.81,71.25
Alleghany,NC,31.24,66.9
Anson,NC,62.36,37.01
Ashe,NC,32.64,65.36
Avery,NC,24.26,74.31
Beaufort,NC,39.94,59.17
Bertie,NC,66.14,33.46
Bladen,NC,50.52,48.56
Brunswick,NC,38.42,60.57
Buncombe,NC,55.31,42.84
Burke,NC,37.49,60.93
Cabarrus,NC,39.31,59.3
Caldwell,NC,31.38,66.88
Camden,NC,32.06,66.09
Carteret,NC,29.0,69.76
Caswell,NC,48.45,50.67
Catawba,NC,34.58,63.99
Chatham,NC,51.82,47.03
Cherokee,NC,26.25,72.11
Chowan,NC,47.38,51.85
Clay,NC,27.99,70.42
Cleveland,NC,39.37,59.51
Columbus,NC,45.58,53.38
Craven,NC,40.64,58.32
Cumberland,NC,59.38,39.69
Currituck,NC,31.51,66.31
Dare,NC,41.13,57.02
Davidson,NC,29.07,69.62
Davie,NC,27.75,71.05
Duplin,NC,43.87,55.44
Durham,NC,75.8,23.01
Edgecombe,NC,67.89,31.68
Forsyth,NC,53.04,45.83
Franklin,NC,47.33,51.44
Gaston,NC,36.66,62.04
Gates,NC,51.63,47.52
Graham,NC,28.35,69.67
Granville,NC,51.75,47.21
Greene,NC,45.87,53.56
Guilford,NC,57.66,41.28
Halifax,NC,65.86,33.6
Harnett,NC,39.92,58.89
Haywood,NC,42.3,55.88
Henderson,NC,35.58,62.98
Hertford,NC,71.84,27.54
Hoke,NC,58.96,39.9
Hyde,NC,48.8,50.06
Iredell,NC,34.15,64.56
Jackson,NC,48.47,49.42
Johnston,NC,35.58,63.15
Jones,NC,44.97,54.24
Lee,NC,44.56,54.28
Lenoir,NC,49.66,49.78
Lincoln,NC,29.98,68.71
McDowell,NC,33.32,65.06
Macon,NC,33.88,64.26
Madison,NC,44.34,53.44
Martin,NC,52.03,47.38
Mecklenburg,NC,60.65,38.24
Mitchell,NC,23.67,74.77
Montgomery,NC,41.9,57.02
Moore,NC,35.56,63.55
Nash,NC,50.14,49.17
New Hanover,NC,46.96,51.52
Northampton,NC,67.24,32.38
Onslow,NC,35.95,62.69
Orange,NC,70.22,28.06
Pamlico,NC,39.15,59.91
Pasquotank,NC,56.78,42.15
Pender,NC,39.27,59.6
Perquimans,NC,41.48,57.46
Person,NC,44.06,54.94
Pitt,NC,53.06,45.92
Polk,NC,38.63,60.03
Randolph,NC,24.33,74.38
Richmond,NC,51.01,48.06
Robeson,NC,58.18,40.77
Rockingham,NC,38.91,60.04
Rowan,NC,36.35,62.23
Rutherford,NC,32.66,66.04
Sampson,NC,44.19,55.1
Scotland,NC,58.03,41.19
Stanly,NC,29.36,69.31
Stokes,NC,27.84,70.48
Surry,NC,30.92,67.6
Swain,NC,45.71,51.96
Transylvania,NC,40.72,57.47
Tyrrell,NC,46.94,52.16
Union,NC,34.28,64.51
Vance,NC,63.89,35.62
Wake,NC,54.94,43.5
Warren,NC,68.67,30.9
Washington,NC,58.98,40.34
Watauga,NC,46.98,50.09
Wayne,NC,45.4,53.83
Wilkes,NC,27.96,70.39
Wilson,NC,53.38,45.91
Yadkin,NC,23.54,74.81
Yancey,NC,42.12,55.85
Adams,ND,25.51,71.38
Barnes,ND,43.35,53.68
Benson,ND,57.26,40.24
Billings,ND,15.4,81.66
Bottineau,ND,33.28,64.14
Bowman,ND,23.83,73.69
Burke,ND,22.48,75.17
Burleigh,ND,32.55,64.42
Cass,ND,47.0,49.9
Cavalier,ND,39.54,57.76
Dickey,ND,33.65,63.51
Divide,ND,33.13,63.08
Dunn,ND,24.98,74.04
Eddy,ND,42.01,54.8
Emmons,ND,20.33,76.17
Foster,ND,36.09,61.24
Golden Valley,ND,17.46,79.96
Grand Forks,ND,46.73,50.15
Grant,ND,23.64,72.54
Griggs,ND,39.91,57.41
Hettinger,ND,22.98,73.42
Kidder,ND,29.59,65.51
La Moure,ND,33.73,62.76
Logan,ND,21.62,75.49
McHenry,ND,34.77,61.87
McIntosh,ND,30.0,67.65
McKenzie,ND,26.86,71.23
McLean,ND,33.82,63.61
Mercer,ND,26.17,70.75
Morton,ND,32.83,63.76
Mountrail,ND,40.58,56.75
Nelson,ND,45.71,51.55
Oliver,ND,27.74,68.41
Pembina,ND,38.49,58.34
Pierce,ND,30.3,67.26
Ramsey,ND,43.29,53.31
Ransom,ND,55.38,41.61
Renville,ND,31.14,66.59
Richland,ND,42.01,55.55
Rolette,ND,73.66,23.99
Sargent,ND,53.56,43.8
Sheridan,ND,19.83,78.1
Sioux,ND,78.67,19.67
Slope,ND,18.99,78.03
Stark,ND,24.17,73.25
Steele,ND,49.71,47.79
Stutsman,ND,37.51,59.48
Towner,ND,43.65,52.71
Traill,ND,46.19,50.91
Walsh,ND,41.43,55.44
Ward,ND,33.15,63.74
Wells,ND,28.29,69.53
Williams,ND,23.67,73.25
Adams,OH,35.76,61.75
Allen,OH,37.06,61.03
Ashland,OH,34.02,63.76
Ashtabula,OH,55.1,42.36
Athens,OH,66.02,30.81
Auglaize,OH,24.87,73.22
Belmont,OH,44.67,52.88
Brown,OH,36.65,61.45
Butler,OH,36.58,61.68
Carroll,OH,41.73,55.07
Champaign,OH,38.14,59.81
Clark,OH,48.67,49.49
Clermont,OH,31.55,66.52
Clinton,OH,31.85,66.05
Columbiana,OH,42.9,54.66
Coshocton,OH,43.97,53.16
Crawford,OH,37.82,59.72
Cuyahoga,OH,69.32,29.55
Darke,OH,26.84,71.21
Defiance,OH,42.16,55.49
Delaware,OH,37.71,60.86
Erie,OH,55.17,42.92
Fairfield,OH,41.39,56.82
Fayette,OH,38.49,59.97
Franklin,OH,60.53,37.75
Fulton,OH,42.58,55.08
Gallia,OH,36.1,61.4
Geauga,OH,38.46,59.85
Greene,OH,38.57,59.57
Guernsey,OH,44.22,53.37
Hamilton,OH,52.5,46.15
Hancock,OH,35.11,62.72
Hardin,OH,37.04,60.06
Harrison,OH,41.24,56.19
Henry,OH,39.69,57.92
Highland,OH,33.86,63.83
Hocking,OH,48.22,49.22
Holmes,OH,22.55,75.23
Huron,OH,44.54,52.85
Jackson,OH,38.54,58.97
Jefferson,OH,46.37,51.34
Knox,OH,36.78,60.66
Lake,OH,48.61,49.5
Lawrence,OH,41.43,56.5
Licking,OH,41.94,55.8
Logan,OH,33.31,64.31
Lorain,OH,56.87,41.47
Lucas,OH,64.86,33.21
Madison,OH,38.99,58.91
Mahoning,OH,63.38,35.07
Marion,OH,45.61,52.03
Medina,OH,42.65,55.45
Meigs,OH,39.41,57.69
Mercer,OH,21.89,76.4
Miami,OH,31.5,66.53
Monroe,OH,44.75,52.31
Montgomery,OH,51.42,46.81
Morgan,OH,45.86,51.81
Morrow,OH,36.59,60.83
Muskingum,OH,45.73,51.81
Noble,OH,36.17,60.48
Ottawa,OH,51.11,46.83
Paulding,OH,38.67,58.51
Perry,OH,46.82,50.78
Pickaway,OH,40.09,58.11
Pike,OH,49.02,49.03
Portage,OH,51.65,46.14
Preble,OH,30.71,66.92
Putnam,OH,23.47,74.57
Richland,OH,39.25,58.59
Ross,OH,48.31,49.76
Sandusky,OH,49.98,47.28
Scioto,OH,48.23,49.56
Seneca,OH,44.8,52.26
Shelby,OH,26.54,71.71
Stark,OH,49.21,48.74
Summit,OH,57.03,41.36
Trumbull,OH,60.48,37.54
Tuscarawas,OH,44.15,53.35
Union,OH,34.36,63.57
Van Wert,OH,28.99,68.97
Vinton,OH,44.37,52.02
Warren,OH,29.6,68.85
Washington,OH,39.36,58.39
Wayne,OH,38.71,59.12
Williams,OH,41.04,56.74
Wood,OH,51.21,46.37
Wyandot,OH,39.02,58.29
Adair,OK,32.68,67.32
Alfalfa,OK,15.46,84.54
Atoka,OK,26.0,74.0
Beaver,OK,10.58,89.42
Beckham,OK,20.46,79.54
Blaine,OK,26.0,74.0
Bryan,OK,27.88,72.12
Caddo,OK,35.75,64.25
Canadian,OK,22.83,77.17
Carter,OK,28.66,71.34
Cherokee,OK,42.95,57.05
Choctaw,OK,29.49,70.51
Cimarron,OK,9.61,90.39
Cleveland,OK,37.03,62.97
Coal,OK,27.51,72.49
Comanche,OK,41.48,58.52
Cotton,OK,26.78,73.22
Craig,OK,32.92,67.08
Creek,OK,27.3,72.7
Custer,OK,24.06,75.94
Delaware,OK,29.39,70.61
Dewey,OK,14.38,85.62
Ellis,OK,12.55,87.45
Garfield,OK,23.77,76.23
Garvin,OK,26.98,73.02
Grady,OK,24.39,75.61
Grant,OK,19.0,81.0
Greer,OK,26.64,73.36
Harmon,OK,28.6,71.4
Harper,OK,12.06,87.94
Haskell,OK,27.69,72.31
Hughes,OK,32.56,67.44
Jackson,OK,24.67,75.33
Jefferson,OK,27.02,72.98
Johnston,OK,30.03,69.97
Kay,OK,28.69,71.31
Kingfisher,OK,15.57,84.43
Kiowa,OK,32.32,67.68
Latimer,OK,30.81,69.19
Le Flore,OK,29.43,70.57
Lincoln,OK,25.52,74.48
Logan,OK,27.73,72.27
Love,OK,29.8,70.2
McClain,OK,22.33,77.67
McCurtain,OK,24.22,75.78
McIntosh,OK,38.13,61.87
Major,OK,14.18,85.82
Marshall,OK,27.16,72.84
Mayes,OK,33.35,66.65
Murray,OK,29.93,70.07
Muskogee,OK,42.61,57.39
Noble,OK,24.68,75.32
Nowata,OK,30.52,69.48
Okfuskee,OK,34.98,65.02
Oklahoma,OK,41.67,58.33
Okmulgee,OK,41.27,58.73
Osage,OK,37.36,62.64
Ottawa,OK,35.18,64.82
Pawnee,OK,29.99,70.01
Payne,OK,35.82,64.18
Pittsburg,OK,30.83,69.17
Pontotoc,OK,30.62,69.38
Pottawatomie,OK,30.67,69.33
Pushmataha,OK,25.25,74.75
Roger Mills,OK,16.25,83.75
Rogers,OK,24.93,75.07
Seminole,OK,34.87,65.13
Sequoyah,OK,30.45,69.55
Stephens,OK,23.38,76.62
Texas,OK,14.88,85.12
Tillman,OK,33.3,66.7
Tulsa,OK,36.32,63.68
Wagoner,OK,27.15,72.85
Washington,OK,26.09,73.91
Washita,OK,19.05,80.95
Woods,OK,19.75,80.25
Woodward,OK,16.01,83.99
Baker,OR,28.04,67.5
Benton,OR,62.0,33.46
Clackamas,OR,50.44,46.79
Clatsop,OR,55.34,40.68
Columbia,OR,50.28,45.12
Coos,OR,44.78,51.15
Crook,OR,30.34,66.37
Curry,OR,39.6,56.5
Deschutes,OR,45.13,51.85
Douglas,OR,34.43,61.8
Gilliam,OR,34.97,60.23
Grant,OR,21.81,74.81
Harney,OR,23.22,72.76
Hood River,OR,61.58,34.85
Jackson,OR,45.78,50.47
Jefferson,OR,40.38,56.78
Josephine,OR,37.16,58.83
Klamath,OR,29.49,67.13
Lake,OR,20.75,75.69
Lane,OR,59.73,36.37
Lincoln,OR,58.31,37.79
Linn,OR,39.63,56.28
Malheur,OR,27.71,68.81
Marion,OR,46.83,50.0
Morrow,OR,30.96,65.22
Multnomah,OR,75.37,20.65
Polk,OR,46.21,50.54
Sherman,OR,31.09,66.08
Tillamook,OR,50.27,45.4
Umatilla,OR,34.38,62.07
Union,OR,32.92,63.26
Wallowa,OR,29.8,66.68
Wasco,OR,47.93,48.09
Washington,OR,57.08,39.65
Wheeler,OR,31.0,63.52
Yamhill,OR,44.89,51.38
Adams,PA,35.4,62.8
Allegheny,PA,56.54,42.01
Armstrong,PA,30.43,67.77
Beaver,PA,45.86,52.41
Bedford,PA,22.01,76.79
Berks,PA,48.64,49.63
Blair,PA,32.32,66.16
Bradford,PA,36.64,61.21
Bucks,PA,49.97,48.74
Butler,PA,31.83,66.62
Cambria,PA,40.06,58.1
Cameron,PA,34.07,63.95
Carbon,PA,45.07,52.56
Centre,PA,48.9,48.65
Chester,PA,49.22,49.43
Clarion,PA,31.08,66.55
Clearfield,PA,34.62,63.34
Clinton,PA,43.08,54.86
Columbia,PA,42.48,55.3
Crawford,PA,39.02,58.75
Cumberland,PA,39.9,58.29
Dauphin,PA,52.26,46.22
Delaware,PA,60.16,38.82
Elk,PA,41.14,57.08
Erie,PA,57.12,41.16
Fayette,PA,45.16,53.48
Forest,PA,38.55,59.51
Franklin,PA,30.0,68.32
Fulton,PA,21.06,77.38
Greene,PA,40.23,57.94
Huntingdon,PA,30.57,67.71
Indiana,PA,39.71,58.33
Jefferson,PA,26.33,71.78
Juniata,PA,26.55,71.52
Lackawanna,PA,62.87,35.67
Lancaster,PA,39.62,58.5
Lawrence,PA,44.69,53.71
Lebanon,PA,35.05,63.18
Lehigh,PA,53.17,45.42
Luzerne,PA,51.51,46.72
Lycoming,PA,32.58,65.69
McKean,PA,34.95,62.99
Mercer,PA,47.48,50.79
Mifflin,PA,26.03,72.73
Monroe,PA,55.89,42.63
Montgomery,PA,56.52,42.24
Montour,PA,38.85,59.19
Northampton,PA,51.59,46.89
Northumberland,PA,39.19,58.51
Perry,PA,29.59,68.28
Philadelphia,PA,85.24,13.97
Pike,PA,43.86,54.93
Potter,PA,26.06,71.86
Schuylkill,PA,42.29,55.61
Snyder,PA,31.11,66.85
Somerset,PA,27.69,70.38
Sullivan,PA,35.06,63.34
Susquehanna,PA,38.28,59.62
Tioga,PA,31.34,66.35
Union,PA,37.39,60.57
Venango,PA,35.7,62.07
Warren,PA,40.44,57.86
Washington,PA,42.48,56.04
Wayne,PA,38.74,59.5
Westmoreland,PA,37.58,61.29
Wyoming,PA,42.45,55.26
York,PA,38.52,59.63
Bristol,RI,60.68,37.41
Kent,RI,57.73,40.0
Newport,RI,59.47,38.53
Providence,RI,66.53,31.61
Washington,RI,57.07,40.34
Abbeville,SC,42.57,56.05
Aiken,SC,35.99,62.59
Allendale,SC,79.2,20.13
Anderson,SC,31.03,67.45
Bamberg,SC,67.19,31.88
Barnwell,SC,52.28,46.95
Beaufort,SC,40.72,58.24
Berkeley,SC,41.85,56.42
Calhoun,SC,51.63,47.32
Charleston,SC,50.39,48.01
Cherokee,SC,34.81,64.09
Chester,SC,54.77,44.19
Chesterfield,SC,47.96,51.16
Clarendon,SC,55.8,43.4
Colleton,SC,49.6,49.41
Darlington,SC,51.27,47.87
Dillon,SC,57.71,41.63
Dorchester,SC,41.24,57.22
Edgefield,SC,42.87,56.21
Fairfield,SC,65.38,33.62
Florence,SC,49.23,49.83
Georgetown,SC,45.74,53.37
Greenville,SC,35.23,62.99
Greenwood,SC,41.76,57.02
Hampton,SC,63.37,35.98
Horry,SC,34.6,64.17
Jasper,SC,57.45,41.6
Kershaw,SC,40.29,58.41
Lancaster,SC,40.49,58.33
Laurens,SC,40.6,58.02
Lee,SC,67.1,31.8
Lexington,SC,30.32,68.07
McCormick,SC,51.41,47.81
Marion,SC,64.65,34.46
Marlboro,SC,61.91,37.31
Newberry,SC,42.28,56.63
Oconee,SC,27.88,70.47
Orangeburg,SC,71.37,27.93
Pickens,SC,24.49,73.49
Richland,SC,65.34,33.37
Saluda,SC,38.86,59.96
Spartanburg,SC,37.72,60.93
Sumter,SC,58.32,40.74
Union,SC,46.22,52.5
Williamsburg,SC,69.52,29.59
York,SC,39.05,59.42
Aurora,SD,39.71,57.43
Beadle,SD,39.67,58.24
Bennett,SD,45.55,52.04
Bon Homme,SD,37.96,59.53
Brookings,SD,46.99,50.16
Brown,SD,45.12,51.79
Brule,SD,34.64,63.01
Buffalo,SD,73.63,25.9
Butte,SD,23.81,73.03
Campbell,SD,19.44,78.27
Charles Mix,SD,39.4,59.25
Clark,SD,39.15,58.59
Clay,SD,56.46,41.02
Codington,SD,39.81,58.1
Corson,SD,54.0,42.92
Custer,SD,29.54,67.74
Davison,SD,38.16,59.68
Day,SD,52.11,45.95
Deuel,SD,43.34,54.12
Dewey,SD,63.69,34.99
Douglas,SD,19.64,78.93
Edmunds,SD,32.13,65.29
Fall River,SD,32.42,64.22
Faulk,SD,29.37,67.88
Grant,SD,41.4,56.41
Gregory,SD,27.85,70.06
Haakon,SD,12.64,86.08
Hamlin,SD,32.98,64.55
Hand,SD,31.11,67.21
Hanson,SD,31.46,67.34
Harding,SD,11.1,86.33
Hughes,SD,34.16,64.0
Hutchinson,SD,26.95,71.56
Hyde,SD,25.78,72.44
Jackson,SD,38.52,59.76
Jerauld,SD,44.93,53.48
Jones,SD,17.73,80.46
Kingsbury,SD,41.87,55.64
Lake,SD,43.34,54.4
Lawrence,SD,34.98,61.85
Lincoln,SD,36.36,62.0
Lyman,SD,38.56,59.46
McCook,SD,34.63,63.34
McPherson,SD,22.39,75.8
Marshall,SD,53.4,44.74
Meade,SD,27.07,69.95
Mellette,SD,48.76,49.54
Miner,SD,42.02,55.79
Minnehaha,SD,45.28,52.68
Moody,SD,47.12,50.61
Pennington,SD,34.02,63.49
Perkins,SD,20.06,75.79
Potter,SD,24.55,74.51
Roberts,SD,54.09,44.24
Sanborn,SD,34.89,61.7
Shannon,SD,93.39,5.98
Spink,SD,42.75,54.92
Stanley,SD,28.25,69.03
Sully,SD,22.74,74.94
Todd,SD,79.13,19.94
Tripp,SD,27.39,70.79
Turner,SD,33.52,64.49
Union,SD,36.62,61.85
Walworth,SD,27.25,70.31
Yankton,SD,42.37,55.09
Ziebach,SD,57.69,41.26
Anderson,TN,34.13,63.95
Bedford,TN,29.15,69.46
Benton,TN,36.27,61.84
Bledsoe,TN,29.07,69.33
Blount,TN,26.27,71.98
Bradley,TN,22.27,75.97
Campbell,TN,27.5,71.1
Cannon,TN,31.45,66.54
Carroll,TN,32.02,66.58
Carter,TN,23.23,75.2
Cheatham,TN,30.69,67.63
Chester,TN,25.34,73.07
Claiborne,TN,23.9,74.84
Clay,TN,36.77,61.95
Cocke,TN,24.48,73.85
Coffee,TN,30.48,67.62
Crockett,TN,30.36,68.81
Cumberland,TN,24.75,73.73
Davidson,TN,58.29,39.76
Decatur,TN,30.65,67.61
De Kalb,TN,33.79,64.4
Dickson,TN,34.95,63.34
Dyer,TN,27.19,71.81
Fayette,TN,34.17,64.83
Fentress,TN,22.64,76.04
Franklin,TN,34.76,63.66
Gibson,TN,33.38,65.51
Giles,TN,34.82,64.03
Grainger,TN,23.0,75.43
Greene,TN,26.06,72.19
Grundy,TN,38.78,59.38
Hamblen,TN,26.13,72.49
Hamilton,TN,41.51,56.39
Hancock,TN,23.22,74.63
Hardeman,TN,52.51,46.6
Hardin,TN,23.51,75.14
Hawkins,TN,25.65,72.5
Haywood,TN,60.36,39.11
Henderson,TN,25.03,73.8
Henry,TN,34.06,64.31
Hickman,TN,35.49,62.59
Houston,TN,46.25,52.16
Humphreys,TN,42.33,55.85
Jackson,TN,41.56,56.96
Jefferson,TN,24.1,74.25
Johnson,TN,23.94,74.44
Knox,TN,34.43,63.6
Lake,TN,42.36,55.73
Lauderdale,TN,46.16,53.12
Lawrence,TN,27.84,70.77
Lewis,TN,30.83,66.4
Lincoln,TN,24.8,73.88
Loudon,TN,22.91,75.69
McMinn,TN,25.84,72.71
McNairy,TN,26.98,71.57
Macon,TN,22.48,76.18
Madison,TN,45.13,54.03
Marion,TN,37.98,60.26
Marshall,TN,34.68,63.61
Maury,TN,35.83,62.74
Meigs,TN,29.34,68.97
Monroe,TN,26.76,71.8
Montgomery,TN,43.97,54.28
Moore,TN,25.19,73.35
Morgan,TN,26.52,71.79
Obion,TN,27.01,71.68
Overton,TN,36.6,62.3
Perry,TN,37.85,60.21
Pickett,TN,29.03,69.79
Polk,TN,30.63,67.8
Putnam,TN,30.6,67.66
Rhea,TN,24.82,73.67
Roane,TN,28.53,69.82
Robertson,TN,31.53,67.11
Rutherford,TN,36.84,61.56
Scott,TN,21.78,76.74
Sequatchie,TN,28.9,68.72
Sevier,TN,21.91,76.73
Shelby,TN,62.55,36.5
Smith,TN,34.84,63.41
Stewart,TN,40.45,57.93
Sullivan,TN,25.58,72.74
Sumner,TN,28.38,70.28
Tipton,TN,29.62,69.23
Trousdale,TN,42.69,55.49
Unicoi,TN,27.0,71.01
Union,TN,25.32,73.35
Van Buren,TN,38.04,60.26
Warren,TN,36.51,61.54
Washington,TN,29.82,68.3
Wayne,TN,21.2,77.52
Weakley,TN,28.76,69.75
White,TN,30.58,67.8
Williamson,TN,26.13,72.59
Wilson,TN,28.48,69.98
Anderson,TX,23.52,75.64
Andrews,TX,17.74,81.19
Angelina,TX,27.58,71.47
Aransas,TX,28.03,70.79
Archer,TX,12.61,86.46
Armstrong,TX,10.48,88.56
Atascosa,TX,40.35,58.65
Austin,TX,19.33,79.53
Bailey,TX,25.66,73.73
Bandera,TX,19.73,78.6
Bastrop,TX,40.29,57.32
Baylor,TX,16.77,81.47
Bee,TX,43.81,55.29
Bell,TX,41.09,57.36
Bexar,TX,51.46,46.94
Blanco,TX,24.53,73.16
Borden,TX,8.82,89.26
Bosque,TX,18.58,80.0
Bowie,TX,28.8,70.24
Brazoria,TX,32.25,66.39
Brazos,TX,31.23,66.49
Brewster,TX,45.64,51.1
Briscoe,TX,16.67,82.34
Brooks,TX,78.49,21.1
Brown,TX,13.65,85.29
Burleson,TX,26.41,72.35
Burnet,TX,21.87,76.46
Caldwell,TX,43.29,54.4
Calhoun,TX,36.25,62.33
Callahan,TX,14.45,84.24
Cameron,TX,64.99,33.94
Camp,TX,32.94,66.46
Carson,TX,10.51,88.23
Cass,TX,24.8,74.34
Castro,TX,29.73,69.37
Chambers,TX,18.93,79.99
Cherokee,TX,24.03,75.0
Childress,TX,16.03,83.42
Clay,TX,14.63,84.36
Cochran,TX,27.92,70.77
Coke,TX,12.71,86.51
Coleman,TX,12.66,86.25
Collin,TX,33.41,64.86
Collingsworth,TX,15.39,83.65
Colorado,TX,25.0,74.24
Comal,TX,22.22,76.3
Comanche,TX,18.14,80.39
Concho,TX,19.38,79.22
Cooke,TX,15.65,83.28
Coryell,TX,31.06,67.57
Cottle,TX,24.29,74.9
Crane,TX,21.43,76.77
Crockett,TX,32.94,65.68
Crosby,TX,35.76,63.35
Culberson,TX,64.62,33.56
Dallam,TX,16.49,81.36
Dallas,TX,56.99,41.57
Dawson,TX,27.98,71.14
Deaf Smith,TX,28.75,70.6
Delta,TX,22.5,75.52
Denton,TX,33.35,64.91
De Witt,TX,22.1,77.16
Dickens,TX,21.2,77.82
Dimmit,TX,73.4,26.12
Donley,TX,14.72,83.84
Duval,TX,76.68,22.56
Eastland,TX,14.93,83.82
Ector,TX,24.97,73.85
Edwards,TX,26.24,72.62
Ellis,TX,25.59,72.94
El Paso,TX,65.4,33.09
Erath,TX,15.75,82.81
Falls,TX,37.41,61.76
Fannin,TX,23.01,75.54
Fayette,TX,21.88,76.61
Fisher,TX,31.43,67.16
Floyd,TX,26.43,73.05
Foard,TX,28.28,70.3
Fort Bend,TX,46.08,52.91
Franklin,TX,17.64,80.95
Freestone,TX,24.44,74.58
Frio,TX,59.88,39.29
Gaines,TX,13.16,85.69
Galveston,TX,35.89,62.74
Garza,TX,17.88,80.96
Gillespie,TX,16.37,82.12
Glasscock,TX,7.61,91.0
Goliad,TX,32.59,66.34
Gonzales,TX,29.34,69.61
Gray,TX,11.99,87.2
Grayson,TX,25.25,73.2
Gregg,TX,29.87,69.25
Grimes,TX,27.19,71.4
Guadalupe,TX,31.73,66.73
Hale,TX,25.33,73.3
Hall,TX,23.9,75.02
Hamilton,TX,16.64,82.15
Hansford,TX,8.1,91.13
Hardeman,TX,20.2,78.66
Hardin,TX,15.77,83.33
Harris,TX,49.39,49.31
Harrison,TX,32.31,66.92
Hartley,TX,9.62,89.28
Haskell,TX,27.47,70.74
Hays,TX,43.27,53.65
Hemphill,TX,12.72,86.02
Henderson,TX,22.1,76.85
Hidalgo,TX,70.32,28.61
Hill,TX,22.85,75.82
Hockley,TX,20.83,77.74
Hood,TX,17.02,81.53
Hopkins,TX,21.78,77.13
Houston,TX,27.57,71.59
Howard,TX,24.27,74.22
Hudspeth,TX,43.92,54.58
Hunt,TX,23.78,74.91
Hutchinson,TX,13.18,85.82
Irion,TX,14.21,84.77
Jack,TX,10.42,88.72
Jackson,TX,21.29,77.73
Jasper,TX,25.32,73.66
Jeff Davis,TX,36.91,60.32
Jefferson,TX,50.34,48.73
Jim Hogg,TX,78.04,21.36
Jim Wells,TX,58.14,41.18
Johnson,TX,21.49,77.11
Jones,TX,22.02,76.56
Karnes,TX,31.66,67.5
Kaufman,TX,27.32,71.66
Kendall,TX,17.11,81.58
Kenedy,TX,49.1,50.3
Kent,TX,16.3,82.72
Kerr,TX,19.83,78.95
Kimble,TX,11.47,88.11
King,TX,3.45,95.86
Kinney,TX,36.63,61.75
Kleberg,TX,53.37,45.56
Knox,TX,21.99,76.82
Lamar,TX,24.31,74.58
Lamb,TX,24.4,74.75
Lampasas,TX,20.53,78.03
La Salle,TX,58.63,40.64
Lavaca,TX,17.18,81.74
Lee,TX,26.17,72.27
Leon,TX,15.26,83.53
Liberty,TX,22.87,76.16
Limestone,TX,29.19,69.92
Lipscomb,TX,10.19,89.38
Live Oak,TX,22.34,76.68
Llano,TX,19.06,79.62
Loving,TX,14.06,84.38
Lubbock,TX,28.81,69.61
Lynn,TX,25.83,73.46
McCulloch,TX,17.94,80.82
McLennan,TX,34.47,64.26
McMullen,TX,13.32,85.69
Madison,TX,24.01,75.17
Marion,TX,34.91,63.83
Martin,TX,15.27,84.24
Mason,TX,19.31,79.52
Matagorda,TX,32.8,66.27
Maverick,TX,78.6,20.55
Medina,TX,29.81,69.03
Menard,TX,20.14,78.33
Midland,TX,18.54,79.85
Milam,TX,32.03,66.6
Mills,TX,12.68,85.51
Mitchell,TX,23.23,75.82
Montague,TX,14.4,84.49
Montgomery,TX,18.97,79.51
Moore,TX,19.34,79.6
Morris,TX,36.15,62.89
Motley,TX,9.17,89.67
Nacogdoches,TX,31.3,67.42
Navarro,TX,28.31,70.6
Newton,TX,28.57,70.06
Nolan,TX,26.58,71.74
Nueces,TX,47.63,50.95
Ochiltree,TX,8.45,90.85
Oldham,TX,8.17,90.91
Orange,TX,22.15,76.12
Palo Pinto,TX,19.37,79.06
Panola,TX,21.61,77.71
Parker,TX,16.47,82.28
Parmer,TX,20.71,78.74
Pecos,TX,38.34,60.53
Polk,TX,25.39,73.54
Potter,TX,26.94,71.52
Presidio,TX,70.56,27.74
Rains,TX,18.62,80.23
Randall,TX,15.24,83.4
Reagan,TX,18.74,80.19
Real,TX,18.05,80.52
Red River,TX,29.21,69.94
Reeves,TX,57.53,41.29
Refugio,TX,37.28,62.12
Roberts,TX,6.5,92.13
Robertson,TX,38.4,60.64
Rockwall,TX,22.7,75.81
Runnels,TX,14.15,84.62
Rusk,TX,24.0,75.08
Sabine,TX,17.63,81.41
San Augustine,TX,32.33,66.91
San Jacinto,TX,25.06,73.91
San Patricio,TX,39.13,59.79
San Saba,TX,14.3,84.33
Schleicher,TX,21.73,77.38
Scurry,TX,16.67,82.04
Shackelford,TX,9.61,89.36
Shelby,TX,24.99,74.03
Sherman,TX,11.66,87.48
Smith,TX,26.95,72.02
Somervell,TX,17.33,81.15
Starr,TX,86.34,13.02
Stephens,TX,13.92,84.76
Sterling,TX,6.28,92.91
Stonewall,TX,23.7,75.11
Sutton,TX,24.75,74.45
Swisher,TX,25.51,72.91
Tarrant,TX,41.43,57.12
Taylor,TX,22.54,76.06
Terrell,TX,33.15,64.5
Terry,TX,28.55,70.15
Throckmorton,TX,13.41,86.1
Titus,TX,29.91,68.71
Tom Green,TX,25.31,73.2
Travis,TX,60.14,36.21
Trinity,TX,25.89,72.77
Tyler,TX,21.79,77.21
Upshur,TX,19.63,79.37
Upton,TX,25.62,73.31
Uvalde,TX,45.35,53.69
Val Verde,TX,52.02,46.64
Van Zandt,TX,16.15,82.69
Victoria,TX,30.51,68.25
Walker,TX,33.46,64.97
Waller,TX,40.96,58.13
Ward,TX,25.92,72.91
Washington,TX,23.48,75.41
Webb,TX,76.42,22.52
Wharton,TX,30.06,69.21
Wheeler,TX,10.9,88.25
Wichita,TX,25.66,72.68
Wilbarger,TX,24.4,74.27
Willacy,TX,71.09,27.96
Williamson,TX,37.77,59.22
Wilson,TX,28.02,71.01
Winkler,TX,23.07,76.0
Wise,TX,15.53,82.95
Wood,TX,17.38,81.63
Yoakum,TX,19.22,79.79
Young,TX,13.56,85.09
Zapata,TX,71.32,28.14
Zavala,TX,83.27,15.71
Beaver,UT,13.52,84.92
Box Elder,UT,10.22,88.11
Cache,UT,14.76,82.85
Carbon,UT,30.06,67.27
Daggett,UT,18.08,78.08
Davis,UT,18.08,80.0
Duchesne,UT,9.11,89.32
Emery,UT,12.79,84.9
Garfield,UT,14.12,83.96
Grand,UT,43.72,50.53
Iron,UT,12.78,84.47
Juab,UT,11.25,85.99
Kane,UT,22.07,74.81
Millard,UT,8.53,88.59
Morgan,UT,8.77,89.49
Piute,UT,9.46,89.13
Rich,UT,8.18,90.15
Salt Lake,UT,38.04,58.26
San Juan,UT,40.31,57.92
Sanpete,UT,10.27,88.05
Sevier,UT,9.15,89.32
Summit,UT,45.87,50.49
Tooele,UT,23.39,73.77
Uintah,UT,8.59,89.75
Utah,UT,9.72,88.32
Wasatch,UT,22.73,74.9
Washington,UT,15.37,82.43
Wayne,UT,16.2,82.06
Weber,UT,26.01,71.08
Addison,VT,68.44,29.05
Bennington,VT,65.45,32.33
Caledonia,VT,59.97,37.24
Chittenden,VT,69.57,27.99
Essex,VT,55.0,41.6
Franklin,VT,60.62,37.23
Grand Isle,VT,62.11,36.1
Lamoille,VT,69.83,27.88
Orange,VT,64.58,32.65
Orleans,VT,60.87,36.83
Rutland,VT,59.73,37.87
Washington,VT,69.44,27.61
Windham,VT,73.05,24.37
Windsor,VT,67.93,29.96
Accomack,VA,47.69,51.17
Albemarle,VA,55.2,43.22
Alleghany,VA,47.44,50.12
Amelia,VA,36.01,62.63
Amherst,VA,39.41,59.29
Appomattox,VA,30.91,67.3
Arlington,VA,69.1,29.31
Augusta,VA,28.07,70.16
Bath,VA,40.22,57.31
Bedford,VA,27.28,71.29
Bland,VA,24.93,72.73
Botetourt,VA,29.89,68.41
Brunswick,VA,62.14,36.93
Buchanan,VA,32.08,66.72
Buckingham,VA,50.29,47.86
Campbell,VA,29.56,68.86
Caroline,VA,53.3,45.06
Carroll,VA,28.53,67.63
Charles City,VA,65.5,32.99
Charlotte,VA,42.44,56.14
Chesterfield,VA,45.44,53.18
Clarke,VA,41.73,55.35
Craig,VA,31.12,65.88
Culpeper,VA,40.99,57.3
Cumberland,VA,47.98,50.28
Dickenson,VA,35.82,61.91
Dinwiddie,VA,48.2,50.59
Essex,VA,53.15,45.85
Fairfax,VA,59.57,39.07
Fauquier,VA,39.28,59.16
Floyd,VA,35.74,61.13
Fluvanna,VA,46.22,52.38
Franklin,VA,34.04,62.6
Frederick,VA,34.87,62.81
Giles,VA,36.12,61.66
Gloucester,VA,35.08,62.94
Goochland,VA,35.12,63.45
Grayson,VA,29.04,67.42
Greene,VA,36.46,61.72
Greensville,VA,63.64,35.85
Halifax,VA,46.53,52.08
Hanover,VA,30.98,67.63
Henrico,VA,55.22,43.42
Henry,VA,41.33,56.02
Highland,VA,32.48,65.39
Isle of Wight,VA,42.07,56.67
James City,VA,43.35,55.39
King and Queen,VA,47.74,51.03
King George,VA,39.53,58.31
King William,VA,37.48,61.26
Lancaster,VA,45.24,53.91
Lee,VA,26.91,71.34
Loudoun,VA,51.53,47.04
Louisa,VA,42.26,56.01
Lunenburg,VA,46.81,51.78
Madison,VA,39.9,58.5
Mathews,VA,33.62,64.91
Mecklenburg,VA,45.9,52.88
Middlesex,VA,38.98,59.52
Montgomery,VA,48.53,48.78
Nelson,VA,50.56,47.84
New Kent,VA,32.46,66.16
Northampton,VA,57.63,41.23
Northumberland,VA,42.22,57.03
Nottoway,VA,48.85,49.8
Orange,VA,42.01,56.52
Page,VA,36.41,62.03
Patrick,VA,29.27,68.07
Pittsylvania,VA,35.39,62.78
Powhatan,VA,26.33,72.14
Prince Edward,VA,55.55,42.78
Prince George,VA,43.57,55.33
Prince William,VA,57.34,41.32
Pulaski,VA,36.05,60.76
Rappahannock,VA,45.44,53.04
Richmond,VA,41.75,57.29
Roanoke,VA,36.53,61.75
Rockbridge,VA,40.17,57.95
Rockingham,VA,28.87,69.37
Russell,VA,30.76,67.67
Scott,VA,23.97,74.45
Shenandoah,VA,33.39,64.72
Smyth,VA,32.64,65.58
Southampton,VA,47.9,51.09
Spotsylvania,VA,43.41,54.93
Stafford,VA,44.87,53.61
Surry,VA,59.8,38.79
Sussex,VA,61.73,37.15
Tazewell,VA,20.65,78.07
Warren,VA,38.64,59.1
Washington,VA,27.61,70.77
Westmoreland,VA,52.89,45.95
Wise,VA,25.04,73.75
Wythe,VA,30.61,67.36
York,VA,38.83,59.51
Alexandria City,VA,71.11,27.58
Bedford City,VA,0.0,0.0
Bristol City,VA,33.73,64.71
Buena Vista City,VA,36.38,61.92
Charlottesville City,VA,75.74,22.22
Chesapeake City,VA,49.85,48.81
Clifton Forge City,VA,0.0,0.0
Colonial Heights Cit,VA,29.5,68.89
Covington City,VA,56.61,41.85
Danville City,VA,60.47,38.42
Emporia City,VA,66.51,32.86
Fairfax City,VA,57.19,41.06
Falls Church City,VA,68.93,29.51
Franklin City,VA,64.98,34.31
Fredericksburg City,VA,62.35,35.5
Galax City,VA,39.53,58.5
Hampton City,VA,70.64,28.03
Harrisonburg City,VA,55.5,42.1
Hopewell City,VA,57.35,41.4
Lexington City,VA,55.3,42.65
Lynchburg City,VA,43.76,54.34
Manassas City,VA,55.78,42.52
Manassas Park City,VA,61.83,36.49
Martinsville City,VA,61.35,36.79
Newport News City,VA,64.32,34.28
Norfolk City,VA,72.02,26.59
Norton City,VA,37.94,59.99
Petersburg City,VA,89.79,9.6
Poquoson City,VA,23.63,74.75
Portsmouth City,VA,70.77,28.0
Radford City,VA,50.6,46.68
Richmond City,VA,77.81,20.55
Roanoke City,VA,60.1,37.33
Salem City,VA,38.64,59.25
South Boston City,VA,0.0,0.0
Staunton City,VA,51.1,47.03
Suffolk City,VA,57.01,41.86
Virginia Beach City,VA,47.95,50.49
Waynesboro City,VA,43.68,54.49
Williamsburg City,VA,63.28,34.62
Winchester City,VA,49.48,48.04
Adams,WA,31.94,65.76
Asotin,WA,40.14,56.7
Benton,WA,35.09,61.66
Chelan,WA,40.36,56.64
Clallam,WA,48.4,48.03
Clark,WA,48.59,48.37
Columbia,WA,28.29,68.77
Cowlitz,WA,50.49,46.09
Douglas,WA,34.3,62.58
Ferry,WA,37.1,57.2
Franklin,WA,36.89,60.39
Garfield,WA,26.23,71.27
Grant,WA,32.16,64.15
Grays Harbor,WA,55.14,41.16
Island,WA,50.69,46.27
Jefferson,WA,63.82,32.09
King,WA,68.72,28.36
Kitsap,WA,54.21,42.58
Kittitas,WA,43.45,53.47
Klickitat,WA,44.25,51.16
Lewis,WA,36.9,59.59
Lincoln,WA,28.3,68.74
Mason,WA,51.82,44.79
Okanogan,WA,41.8,54.23
Pacific,WA,53.69,42.3
Pend Oreille,WA,37.16,58.56
Pierce,WA,54.05,43.04
San Juan,WA,66.64,29.1
Skagit,WA,51.51,45.01
Skamania,WA,47.51,48.57
Snohomish,WA,56.79,40.07
Spokane,WA,45.31,51.07
Stevens,WA,34.5,60.85
Thurston,WA,57.96,38.58
Wahkiakum,WA,47.3,48.38
Walla Walla,WA,38.61,57.9
Whatcom,WA,55.01,41.14
Whitman,WA,46.54,49.26
Yakima,WA,42.86,54.5
Barbour,WV,30.6,66.19
Berkeley,WV,38.26,59.39
Boone,WV,32.82,64.3
Braxton,WV,41.54,56.65
Brooke,WV,42.94,54.25
Cabell,WV,42.19,55.93
Calhoun,WV,37.01,59.68
Clay,WV,30.85,65.31
Doddridge,WV,20.73,76.78
Fayette,WV,38.51,59.35
Gilmer,WV,33.31,63.24
Grant,WV,15.65,82.45
Greenbrier,WV,36.22,60.98
Hampshire,WV,28.67,68.87
Hancock,WV,38.08,59.47
Hardy,WV,28.6,68.25
Harrison,WV,37.04,60.43
Jackson,WV,33.24,63.9
Jefferson,WV,46.76,50.63
Kanawha,WV,43.13,54.92
Lewis,WV,27.58,69.51
Lincoln,WV,32.66,64.29
Logan,WV,28.98,68.68
McDowell,WV,34.08,63.98
Marion,WV,41.57,55.93
Marshall,WV,34.6,62.77
Mason,WV,38.59,58.64
Mercer,WV,25.49,72.49
Mineral,WV,26.26,71.29
Mingo,WV,27.42,69.92
Monongalia,WV,43.77,53.28
Monroe,WV,27.81,69.11
Morgan,WV,33.42,63.82
Nicholas,WV,30.3,67.09
Ohio,WV,37.79,59.96
Pendleton,WV,32.99,64.34
Pleasants,WV,33.61,64.24
Pocahontas,WV,36.29,60.76
Preston,WV,26.21,70.54
Putnam,WV,30.54,67.47
Raleigh,WV,26.84,71.48
Randolph,WV,34.18,63.0
Ritchie,WV,20.26,77.07
Roane,WV,38.32,58.93
Summers,WV,34.17,62.84
Taylor,WV,32.78,64.85
Tucker,WV,28.04,69.34
Tyler,WV,27.09,70.44
Upshur,WV,26.01,71.57
Wayne,WV,35.2,62.02
Webster,WV,34.15,61.67
Wetzel,WV,37.74,59.11
Wirt,WV,31.14,65.73
Wood,WV,32.96,65.1
Wyoming,WV,21.03,76.65
Adams,WI,53.87,45.14
Ashland,WI,64.49,33.68
Barron,WI,47.99,50.43
Bayfield,WI,61.64,36.81
Brown,WI,48.5,50.29
Buffalo,WI,50.72,47.79
Burnett,WI,45.94,52.44
Calumet,WI,43.49,55.03
Chippewa,WI,49.26,49.53
Clark,WI,44.72,53.71
Columbia,WI,56.23,42.64
Crawford,WI,59.22,39.24
Dane,WI,71.03,27.5
Dodge,WI,42.17,56.67
Door,WI,52.95,45.96
Douglas,WI,64.92,33.66
Dunn,WI,51.46,46.49
Eau Claire,WI,55.95,42.43
Florence,WI,36.3,62.67
Fond du Lac,WI,41.91,56.84
Forest,WI,52.17,46.73
Grant,WI,56.06,42.29
Green,WI,58.0,40.66
Green Lake,WI,39.2,59.76
Iowa,WI,64.66,34.2
Iron,WI,49.12,49.28
Jackson,WI,56.89,41.88
Jefferson,WI,45.52,53.11
Juneau,WI,52.78,45.75
Kenosha,WI,55.46,43.24
Kewaunee,WI,46.69,52.07
La Crosse,WI,57.82,40.58
Lafayette,WI,57.04,41.68
Langlade,WI,43.47,55.29
Lincoln,WI,49.7,48.99
Manitowoc,WI,47.88,50.69
Marathon,WI,46.32,52.41
Marinette,WI,47.56,51.11
Marquette,WI,49.52,49.25
Menominee,WI,86.49,13.0
Milwaukee,WI,67.49,31.45
Monroe,WI,48.83,49.65
Oconto,WI,44.64,54.09
Oneida,WI,48.27,50.42
Outagamie,WI,48.27,50.08
Ozaukee,WI,34.32,64.63
Pepin,WI,50.72,48.5
Pierce,WI,48.69,49.46
Polk,WI,44.62,53.58
Portage,WI,56.12,42.24
Price,WI,49.2,49.16
Racine,WI,51.28,47.74
Richland,WI,57.41,41.28
Rock,WI,61.0,37.82
Rusk,WI,47.24,51.12
St Croix,WI,43.07,55.17
Sauk,WI,58.68,40.21
Sawyer,WI,49.71,49.22
Shawano,WI,44.38,54.35
Sheboygan,WI,44.56,54.38
Taylor,WI,39.56,58.88
Trempealeau,WI,56.41,42.33
Vernon,WI,56.37,41.64
Vilas,WI,42.99,55.98
Walworth,WI,43.12,55.46
Washburn,WI,47.88,50.6
Washington,WI,29.42,69.55
Waukesha,WI,32.31,66.76
Waupaca,WI,44.81,54.19
Waushara,WI,44.28,54.47
Winnebago,WI,50.97,47.24
Wood,WI,47.77,50.65
Albany,WY,45.75,48.26
Big Horn,WY,16.3,80.48
Campbell,WY,12.31,85.1
Carbon,WY,32.42,63.73
Converse,WY,17.17,79.5
Crook,WY,11.56,84.37
Fremont,WY,31.48,65.38
Goshen,WY,25.11,71.96
Hot Springs,WY,20.8,75.35
Johnson,WY,17.59,78.96
Laramie,WY,36.19,60.51
Lincoln,WY,14.93,82.9
Natrona,WY,27.68,68.37
Niobrara,WY,15.67,80.09
Park,WY,20.04,76.9
Platte,WY,26.99,69.21
Sheridan,WY,25.26,71.69
Sublette,WY,17.53,79.34
Sweetwater,WY,28.26,67.64
Teton,WY,54.2,42.38
Uinta,WY,19.07,77.47
Washakie,WY,20.13,76.42
Weston,WY,12.56,83.98
Unknown,AS,0.0,0.0
Olosega,AS,0.0,0.0
Tutuila,AS,0.0,0.0
Guam,GU,0.0,0.0
Rota,MP,0.0,0.0
Saipan,MP,0.0,0.0
Tinian,MP,0.0,0.0
Adjuntas,PR,0.0,0.0
Aguada,PR,0.0,0.0
Aguadilla,PR,0.0,0.0
Aguas Buenas,PR,0.0,0.0
Aibonito,PR,0.0,0.0
Anasco,PR,0.0,0.0
Arecibo,PR,0.0,0.0
Arroyo,PR,0.0,0.0
Barceloneta,PR,0.0,0.0
Barranquitas,PR,0.0,0.0
Bayamon,PR,0.0,0.0
Cabo Rojo,PR,0.0,0.0
Caguas,PR,0.0,0.0
Camuy,PR,0.0,0.0
Canovanas,PR,0.0,0.0
Carolina,PR,0.0,0.0
Catano,PR,0.0,0.0
Cayey,PR,0.0,0.0
Ceiba,PR,0.0,0.0
Cidra,PR,0.0,0.0
Coamo,PR,0.0,0.0
Comerio,PR,0.0,0.0
Corozal,PR,0.0,0.0
Culebra,PR,0.0,0.0
Dorado,PR,0.0,0.0
Fajardo,PR,0.0,0.0
Florida,PR,0.0,0.0
Guanica,PR,0.0,0.0
Guayama,PR,0.0,0.0
Guayanilla,PR,0.0,0.0
Guaynabo,PR,0.0,0.0
Gurabo,PR,0.0,0.0
Hatillo,PR,0.0,0.0
Hormigueros,PR,0.0,0.0
Isabela,PR,0.0,0.0
Jayuya,PR,0.0,0.0
Juana Diaz,PR,0.0,0.0
Juncos,PR,0.0,0.0
Lajas,PR,0.0,0.0
Lares,PR,0.0,0.0
Las Marias,PR,0.0,0.0
Las Piedras,PR,0.0,0.0
Loiza,PR,0.0,0.0
Luquillo,PR,0.0,0.0
Manati,PR,0.0,0.0
Maricao,PR,0.0,0.0
Maunabo,PR,0.0,0.0
Mayaguez,PR,0.0,0.0
Moca,PR,0.0,0.0
Morovis,PR,0.0,0.0
Nabuabo,PR,0.0,0.0
Naranjito,PR,0.0,0.0
Orocovis,PR,0.0,0.0
Patillas,PR,0.0,0.0
Penuelas,PR,0.0,0.0
Ponce,PR,0.0,0.0
Quebradillas,PR,0.0,0.0
Rincon,PR,0.0,0.0
Rio Grande,PR,0.0,0.0
Sabana Grande,PR,0.0,0.0
Salinas,PR,0.0,0.0
San German,PR,0.0,0.0
San Juan,PR,0.0,0.0
San Lorenzo,PR,0.0,0.0
San Sabastian,PR,0.0,0.0
Santa Isabel,PR,0.0,0.0
Toa Alta,PR,0.0,0.0
Toa Baja,PR,0.0,0.0
Trujillo Alto,PR,0.0,0.0
Utuado,PR,0.0,0.0
Vega Alta,PR,0.0,0.0
Vega Baja,PR,0.0,0.0
Vieques,PR,0.0,0.0
Villalba,PR,0.0,0.0
Yabucoa,PR,0.0,0.0
Yauco,PR,0.0,0.0
St. Croix,VI,0.0,0.0
St. John,VI,0.0,0.0
St. Thomas,VI,0.0,0.0
